,C5,C6,C8,C12,U14,,,,,,,,,,,
0,['Debugging'],"['Lack_of_Wider_Context', 'Context_Window']",,,['Security_Issues_in_Generated_Code'],,,,,,,,,,,
1,"['Documentation', 'Faster_Development_or_Saves_Time', 'Prototyping_or_Skeleton']",['Lack_of_Wider_Context'],,,"['Other_Media_Generation', 'Legal_Issues_Surrounding_Training_Data']",,,,,,,,,,,
2,"['Provide_Reference_or_Learning', 'Provide_Inspiration']","[""Can't_Rely_On_AI_Fully""]",,,['Unemployment'],,,,,,,,,,,
3,['Writing_Basic_Code_Snippets'],['Have_to_Review_Carefully'],,,['Information_Leaks'],,,,,,,,,,,
4,"['Automate_Tasks', 'Allows_to_Shift_Focus']","['Trained_on_Old_Data', 'Lack_of_Wider_Context']",,,"['Legal_Issues_Surrounding_Training_Data', 'Generating_Specifications']",,,,,,,,,,,
5,"['Faster_Development_or_Saves_Time', 'Writing_Basic_Code_Snippets', 'Debugging']","['Generic_Generations', 'Unhelpful_or_Broken_Generations']",,,['Not_Sure_or_No_Issues'],,,,,,,,,,,
6,"['Faster_Development_or_Saves_Time', 'Allows_to_Shift_Focus']",['Unhelpful_or_Broken_Generations'],,,['Configuration'],,,,,,,,,,,
7,"['Lower_Costs', 'Faster_Development_or_Saves_Time']",['Hallucinations'],,,['No_Response'],,,,,,,,,,,
8,"['Faster_Development_or_Saves_Time', 'Increases_Scope_of_Work']","['Unhelpful_or_Broken_Generations', 'Circular_Conversations']",,,['Not_Sure_or_No_Issues'],,,,,,,,,,,
9,['Faster_Development_or_Saves_Time'],['No_Gaps'],,,['No_Response'],,,,,,,,,,,
11,,,['No_Usecase_or_Not_Useful'],,['Not_Sure_or_No_Issues'],,,,,,,,,,,
12,['Prototyping_or_Skeleton'],"['Unhelpful_or_Broken_Generations', ""AI_Doesn't_Understand_Problem""]",,,['Documentation'],,,,,,,,,,,
13,['Faster_Development_or_Saves_Time'],['Bad_Answer'],,,['Not_Sure_or_No_Issues'],,,,,,,,,,,
14,"['Faster_Development_or_Saves_Time', 'Prototyping_or_Skeleton']",['Security'],,,['Legal_Issues_Surrounding_Training_Data'],,,,,,,,,,,
15,"['Debugging', 'Generating_Test_Cases', 'Linting', 'Generating_Test_Data', 'Faster_Development_or_Saves_Time']","['Unhelpful_or_Broken_Generations', 'Generates_Poor_Quality_Code']",,,['Not_Sure_or_No_Issues'],,,,,,,,,,,
16,['Writing_Basic_Code_Snippets'],['No_Gaps'],,,['Not_Sure_or_No_Issues'],,,,,,,,,,,
17,,,,,,,,,,,,,,,,
18,['Faster_Development_or_Saves_Time'],['Must_Use_Good_Prompts'],,,"['Hate_Thinking_About_It', 'Not_Sure_or_No_Issues']",,,,,,,,,,,
19,"['Provide_Reference_or_Learning', 'Faster_Development_or_Saves_Time']",['Generates_Buggy_Code'],,,['Other_Media_Generation'],,,,,,,,,,,
20,['Faster_Development_or_Saves_Time'],"['Unhelpful_or_Broken_Generations', 'Speed']",,,['Testing'],,,,,,,,,,,
21,,,,,,,,,,,,,,,,
22,['Auto_Completion'],['Incorporating_Generated_Code'],,,['Not_Sure_or_No_Issues'],,,,,,,,,,,
23,,,['Webtools_are_Enough'],,['Data_in_Code'],,,,,,,,,,,
24,"['Faster_Development_or_Saves_Time', 'Refactoring_Code']","[""AI_Doesn't_Understand_Problem""]",,,['Information_Leaks'],,,,,,,,,,,
25,"['Provide_Reference_or_Learning', 'Faster_Development_or_Saves_Time']","['Lacks_Visual_Reasoning', ""Doesn't_Work_for_Low_Code""]",,,['Not_Sure_or_No_Issues'],,,,,,,,,,,
26,"['Getting_Alternatives', 'Documentation', 'Experimenting', 'Faster_Development_or_Saves_Time']","['Unhelpful_or_Broken_Generations', ""Can't_Automate_End_to_End_Process"", 'Hallucinations', 'Difficult_to_Go_From_Idea_to_Project']",,,"['License_Compliance', 'Patents', 'Content_Copyrights', 'Security_Issues_in_Generated_Code', 'Information_Leaks', 'Break_Standards_and_Regulations', 'Data_Privacy', 'Generating_Malicious_Content', 'Bias', 'Accessibility_Compliance', 'Generating_Poor_Quality_Code']",,,,,,,,,,,
27,['Faster_Development_or_Saves_Time'],['Hallucinations'],,,['No_Response'],,,,,,,,,,,
28,['Faster_Development_or_Saves_Time'],['Unhelpful_or_Broken_Generations'],,,['Bad_Answer'],,,,,,,,,,,
29,,,['Sending_Code_to_Remote'],,['Shell_Command_Generation'],,,,,,,,,,,
30,,,"[""Models_Don't_Make_Good_Suggestions"", 'Webtools_are_Enough', 'No_Usecase_or_Not_Useful']",,['UI_Related'],,,,,,,,,,,
31,"['Auto_Completion', 'Simplifying_Code_and_Logic']","['Requires_Manual_Edits', 'Over-Engineering']",,,['Information_Leaks'],,,,,,,,,,,
32,['Bad_Answer'],['No_Gaps'],,,['Requirements'],,,,,,,,,,,
33,"['Implementing_Algorithms', 'Refactoring_Code', 'Prototyping_or_Skeleton']","[""Can't_Compete_with_Expert_Devs"", ""Doesn't_Work_for_Complex_Issues""]",,,['Bad_Answer'],,,,,,,,,,,
34,"['Speed_Up_Architecture_Operations', 'Automate_Tasks']","['Must_Be_Able_to_Verify', 'Context_Window', 'Hallucinations']",,,['Not_Sure_or_No_Issues'],,,,,,,,,,,
35,['Faster_Development_or_Saves_Time'],['Suggestions_Are_Not_Optimal'],,,['Authoring'],,,,,,,,,,,
36,"['Quicker_Iterations', 'Allows_to_Shift_Focus']","['Unhelpful_or_Broken_Generations', 'Requires_Manual_Edits']",,,['Not_Sure_or_No_Issues'],,,,,,,,,,,
37,"['Allows_to_Shift_Focus', 'Faster_Developement', 'Mistake_and_Typo_Correction']",['Issues_Arising_from_Paid_APIs'],,,['Generation_For_Scams'],,,,,,,,,,,
38,"[""Don't_Have_To_Read_Documentation"", 'Debugging', 'Optimize_Existing_Solutions', 'Rubber_Duck_Debugging']",['Trained_on_Old_Data'],,,['Requirements'],,,,,,,,,,,
39,"['Library_Selection', 'Provide_Reference_or_Learning', 'Writing_Basic_Code_Snippets']","['Missing_Information', 'Autocomplete_Issues', 'Unhelpful_or_Broken_Generations', ""Doesn't_Work_for_Complex_Issues"", 'Hallucinations']",,,"['Medical_Domain', 'Product_Liability']",,,,,,,,,,,
40,['Faster_Development_or_Saves_Time'],['Lack_of_Wider_Context'],,,['Not_Sure_or_No_Issues'],,,,,,,,,,,
41,,,"['Legal_Risks', 'Prefer_to_Code_Themself', 'Ethical_Considerations', 'Wants_to_Undestand_Code']",,"['Documentation', 'Plagiarism_and_Imitation']",,,,,,,,,,,
42,"['Writing_Basic_Code_Snippets', 'Detection_of_Edge_Cases', 'Faster_Development_or_Saves_Time']","['Truncates_Generated_Code', 'Context_Window']",,,"['Protected_Info_In_Prompt', 'Information_Leaks']",,,,,,,,,,,
43,"[""Don't_Have_To_Read_Documentation"", 'Faster_Development_or_Saves_Time']","['Generates_Buggy_Code', 'Not_Good_For_Debugging']",,,"['Algorithms', 'Not_Concerned']",,,,,,,,,,,
44,['Faster_Development_or_Saves_Time'],['Hallucinations'],,,['Liability_for_Generated_Bugs_and_Defects'],,,,,,,,,,,
45,,,"[""Doesn't_Use_Code_Directly""]",,['Architecture_Design'],,,,,,,,,,,
46,"['Debugging', 'Testing', 'Documentation', 'Assistance_with_Typing', 'Improve_Code_Quality', 'Faster_Development_or_Saves_Time']",['Context_Window'],,,['Testing'],,,,,,,,,,,
47,"['Can_Explain_or_Summarize_Code', 'Writing_Basic_Code_Snippets', 'Faster_Development_or_Saves_Time']","[""AI_Doesn't_Understand_Problem"", 'Generates_Poor_Quality_Code', ""Doesn't_Work_for_Complex_Issues"", 'Lack_of_Creativity']",,,['Not_Sure_or_No_Issues'],,,,,,,,,,,
48,"['Can_Explain_or_Summarize_Code', 'Debugging']","['Lack_of_Wider_Context', 'Security', 'Trained_on_Old_Data']",,,['Web_Scraping'],,,,,,,,,,,
49,['Pair_Programming'],"['Lack_of_Language_Server_Integrations', 'Context_Window']",,,['Bad_Answer'],,,,,,,,,,,
50,['Faster_Development_or_Saves_Time'],['Hallucinations'],,,['Documentation'],,,,,,,,,,,
51,"['Provide_Reference_or_Learning', 'Prototyping_or_Skeleton']",['No_Control_Over_Result'],,,['Version_Control_Related'],,,,,,,,,,,
52,,,['Not_Enough_Technical_Knowledge'],,"['Product_Liability', 'Medical_Domain', 'Information_Leaks']",,,,,,,,,,,
53,"['Easy_to_Use', 'Faster_Development_or_Saves_Time', 'Provide_Inspiration']","['Subtle_or_Hidden_Errors', ""AI_Doesn't_Understand_Problem"", 'Unhelpful_or_Broken_Generations', 'Off_Topic', 'Hallucinations', 'Have_to_Review_Carefully']",,,['Not_Sure_or_No_Issues'],,,,,,,,,,,
54,"['Generating_Test_Cases', 'Writing_Basic_Code_Snippets', 'Domain_Logic_Support', 'Porting_or_Translating_Code', 'Refactoring_Code', 'Security_Improvements', 'Faster_Development_or_Saves_Time']","['Lack_of_Wider_Context', 'Keeping_Up_to_Date_With_Advancements', 'Keeping_AI_Tools_Updated']",,['Legal_Risk'],"['UI_Related', 'Liability_for_Generated_Bugs_and_Defects', 'Bias', 'Other_Media_Generation']",,,,,,,,,,,
55,"['Easy_to_Use', 'Faster_Development_or_Saves_Time', 'Can_Write_Better_Code_Than_Developer']","['Not_Smart_Enough', 'Unhelpful_or_Broken_Generations']",,,['Not_Sure_or_No_Issues'],,,,,,,,,,,
56,"['Mistake_and_Typo_Correction', 'Provide_Reference_or_Learning', 'Debugging', 'Develop_in_Unfamiliar_Languages']","['Problems_That_Span_Files', 'Generates_Buggy_Code', 'Trained_on_Old_Data', 'Hallucinations']",,,['Liability_for_Generated_Bugs_and_Defects'],,,,,,,,,,,
57,"['Provide_Reference_or_Learning', 'Faster_Development_or_Saves_Time', ""Don't_Have_To_Read_Documentation""]","['Must_Use_Good_Prompts', 'Unhelpful_or_Broken_Generations']",,,"['Architecture_Design', 'Content_Copyrights']",,,,,,,,,,,
58,['Offers_a_Starting_Point'],"['Suggestions_Are_Not_Optimal', 'Unhelpful_or_Broken_Generations']",,,['No_Response'],,,,,,,,,,,
59,['Writing_Basic_Code_Snippets'],['Generates_Poor_Quality_Code'],,,"['Security_Issues_in_Generated_Code', 'Liability_for_Generated_Bugs_and_Defects']",,,,,,,,,,,
60,,,"['New_to_Prompt_Engineering', ""Can't_Evaluate_Cost_Effective_Solution""]",,['Other_Media_Generation'],,,,,,,,,,,
61,"['Writing_Basic_Code_Snippets', 'Faster_Development_or_Saves_Time']","['Unhelpful_or_Broken_Generations', 'No_Way_to_Partially_Accept_Solutions']",,,['Other_Media_Generation'],,,,,,,,,,,
62,"['Pair_Programming', 'Motivation', 'Understanding_Errors', 'Develop_in_Unfamiliar_Languages']","['Cost', 'Unhelpful_or_Broken_Generations']",,,['Not_Sure_or_No_Issues'],,,,,,,,,,,
63,,,"[""Doesn't_Add_Much_Value"", 'Low_Trust']",,"['Version_Control_Related', 'Testing', 'Other_Media_Generation']",,,,,,,,,,,
64,"[""Don't_Have_To_Read_Documentation"", 'Explain_Concepts', 'Offers_a_Starting_Point']","['Unhelpful_or_Broken_Generations', 'Trained_on_Old_Data', 'Time_Consuming_to_Fix_Code']",,,"['Liability_for_Generated_Bugs_and_Defects', 'Generation_of_Legal_Documents']",,,,,,,,,,,
65,"['Writing_Basic_Code_Snippets', 'Faster_Development_or_Saves_Time']","['Generates_Buggy_Code', 'Have_to_Review_Carefully', 'Inconsistent_Results', 'Subtle_or_Hidden_Errors']",,,['Not_Sure_or_No_Issues'],,,,,,,,,,,
66,['Faster_Development_or_Saves_Time'],"['Poor_Test_Generation', 'Autocomplete_Issues']",,,['Other_Media_Generation'],,,,,,,,,,,
67,,,"['Require_Extensive_Debugging', 'Intrusive']",,['Other_Media_Generation'],,,,,,,,,,,
68,['Faster_Development_or_Saves_Time'],['Hallucinations'],,,['Not_Sure_or_No_Issues'],,,,,,,,,,,
69,['Faster_Development_or_Saves_Time'],"['Multiple_Generations', 'Trying_Different_Prompts']",,,['No_Response'],,,,,,,,,,,
70,['Faster_Development_or_Saves_Time'],['Unhelpful_or_Broken_Generations'],,,['Other_Media_Generation'],,,,,,,,,,,
71,"['Improve_Code_Quality', 'Faster_Development_or_Saves_Time']",['Breaks_Code_on_Refactor'],,,['Security_Issues_in_Generated_Code'],,,,,,,,,,,
72,"['Provide_Reference_or_Learning', 'In_Context_Solutions']","['Must_Use_Good_Prompts', 'Have_to_Review_Carefully']",,,"['Content_Copyrights', 'Automation']",,,,,,,,,,,
73,['Faster_Development_or_Saves_Time'],['Unhelpful_or_Broken_Generations'],,,['All_Tasks'],,,,,,,,,,,
74,"['Optimize_Existing_Solutions', 'Improve_Code_Quality', 'Generating_Test_Cases', 'Faster_Development_or_Saves_Time']","['Circular_Conversations', 'Unhelpful_or_Broken_Generations']",,,['Architecture_Design'],,,,,,,,,,,
75,"['Allows_to_Shift_Focus', 'Writing_Basic_Code_Snippets', 'Faster_Development_or_Saves_Time']",['Unhelpful_or_Broken_Generations'],,,['Not_Sure_or_No_Issues'],,,,,,,,,,,
76,['Faster_Development_or_Saves_Time'],['Unhelpful_or_Broken_Generations'],,,['Authoring'],,,,,,,,,,,
77,,,"['Sending_Code_to_Remote', 'Not_Good_for_Complex_Problems']",,"['All_Tasks', 'Legal_Issues_Surrounding_Training_Data']",,,,,,,,,,,
78,"['Experimenting', 'Provide_Reference_or_Learning', 'Auto_Completion', 'Faster_Development_or_Saves_Time']","['Missing_Information', 'Hallucinations']",,,"['Generation_of_Legal_Documents', 'Other_Media_Generation', 'Authoring', 'Generating_Licenses']",,,,,,,,,,,
79,['Faster_Development_or_Saves_Time'],['Hallucinations'],,,"[""Generated_Content_Can't_Be_Copyrighted""]",,,,,,,,,,,
80,['Writing_Basic_Code_Snippets'],"[""AI_Doesn't_Understand_Problem""]",,,['Not_Sure_or_No_Issues'],,,,,,,,,,,
81,,,['Slower_Than_Coding_or_Other_Tools'],,['Code_Reviews'],,,,,,,,,,,
82,"[""Don't_Have_To_Read_Documentation"", 'Less_Typing']","['Unhelpful_or_Broken_Generations', 'Hallucinations']",,,['Generation_of_Legal_Documents'],,,,,,,,,,,
83,"['Provide_Reference_or_Learning', 'Best_Practices']",['Must_Use_Good_Prompts'],,,['Decision_Making'],,,,,,,,,,,
84,"['Error_Detection', 'Faster_Development_or_Saves_Time']","['Unhelpful_or_Broken_Generations', 'Requires_Manual_Edits']",,,['Other_Media_Generation'],,,,,,,,,,,
85,['Writing_Basic_Code_Snippets'],"['Missing_Information', 'Unhelpful_or_Broken_Generations', ""Doesn't_Work_For_Usecase""]",,,['UI_Related'],,,,,,,,,,,
86,"['Provide_Reference_or_Learning', 'Faster_Development_or_Saves_Time']",['Inconsistent_Results'],,,"['All_Tasks', 'AI_No_Different_Than_Humans']",,,,,,,,,,,
87,['Faster_Development_or_Saves_Time'],['Lack_of_Transparency'],,,['Not_Sure_or_No_Issues'],,,,,,,,,,,
88,,,,,,,,,,,,,,,,
89,"['Writing_Basic_Code_Snippets', 'Porting_or_Translating_Code', 'Faster_Development_or_Saves_Time']","['Presume_Code_Function', 'Hallucinations', ""Doesn't_Follow_Instructions""]",,,['Chatbots'],,,,,,,,,,,
90,"['Develop_in_Unfamiliar_Languages', 'Writing_Basic_Code_Snippets', 'Error_Detection', 'Refactoring_Code', 'Faster_Development_or_Saves_Time']","['Unhelpful_or_Broken_Generations', 'Context_Window']",,,['Not_Sure_or_No_Issues'],,,,,,,,,,,
91,['Faster_Development_or_Saves_Time'],"[""AI_Doesn't_Understand_Problem""]",,,['Patents'],,,,,,,,,,,
92,,,,,,,,,,,,,,,,
93,"['Debugging', 'Easy_to_Use']",['Lack_of_Wider_Context'],,,['All_Tasks'],,,,,,,,,,,
94,['Unsure'],"['Lack_of_Wider_Context', 'Security', 'Trained_on_Old_Data']",,,['Cryptography'],,,,,,,,,,,
95,"['Improve_Code_Quality', 'Optimize_Existing_Solutions']","['Unhelpful_or_Broken_Generations', ""AI_Doesn't_Understand_Problem""]",,,['Bad_Answer'],,,,,,,,,,,
96,"['Performing_Repetitive_Tasks', 'Generating_Test_Data']",['Intrusive'],,,['Information_Leaks'],,,,,,,,,,,
97,['Faster_Development_or_Saves_Time'],"['Unhelpful_or_Broken_Generations', 'Generates_Buggy_Code']",,,['Authoring'],,,,,,,,,,,
98,"['Faster_Development_or_Saves_Time', 'Auto_Completion', 'Allows_to_Shift_Focus']","['Missing_Information', ""Can't_Rely_On_AI_Fully"", ""Doesn't_Work_for_Complex_Issues"", ""Doesn't_Work_For_Less_Popular_Libraries"", 'Trained_on_Old_Data']",,,['Other_Media_Generation'],,,,,,,,,,,
99,"['Writing_Basic_Code_Snippets', 'Faster_Development_or_Saves_Time']","['Incorporating_Generated_Code', 'Requires_Manual_Edits']",,,['Other_Media_Generation'],,,,,,,,,,,
100,['Faster_Development_or_Saves_Time'],['Unhelpful_or_Broken_Generations'],,,['Architecture_Design'],,,,,,,,,,,
101,['Faster_Development_or_Saves_Time'],['Hallucinations'],,['Sensitive_Information_or_IP'],['Bias'],,,,,,,,,,,
102,"['Provide_Inspiration', 'Faster_Development_or_Saves_Time']",['Off_Topic'],,,['Open_Source'],,,,,,,,,,,
103,['No_Real_Benefits'],"['Subtle_or_Hidden_Errors', ""Doesn't_Work_For_Less_Popular_Libraries"", 'Generates_Buggy_Code']",,,['Other_Media_Generation'],,,,,,,,,,,
104,['Develop_in_Unfamiliar_Languages'],['Learning_Curve'],,,['All_Tasks'],,,,,,,,,,,
105,"['Getting_Alternatives', 'Debugging', 'Provide_Reference_or_Learning', 'Best_Practices', 'Improve_Code_Quality', 'Prototyping_or_Skeleton', 'Workflow_Improvements']","['Lack_of_Wider_Context', ""Doesn't_Work_for_Complex_Issues"", 'Hurts_Developer_Skills']",,,"['Liability_for_Generated_Bugs_and_Defects', 'Break_Standards_and_Regulations', 'Security_Issues_in_Generated_Code']",,,,,,,,,,,
106,,,['Not_Good_for_Complex_Problems'],,['Not_Sure_or_No_Issues'],,,,,,,,,,,
107,"['Getting_Alternatives', 'Writing_Basic_Code_Snippets']","['Unhelpful_or_Broken_Generations', ""Doesn't_Work_For_Less_Popular_Libraries""]",,,['Not_Sure_or_No_Issues'],,,,,,,,,,,
108,"['Faster_Development_or_Saves_Time', 'Provide_Reference_or_Learning']",['Trained_on_Old_Data'],,,['Generation_of_Legal_Documents'],,,,,,,,,,,
109,"['Faster_Development_or_Saves_Time', 'Offers_a_Starting_Point']","['Lack_of_Wider_Context', 'Unhelpful_or_Broken_Generations', 'Trying_Different_Prompts', 'Hallucinations', 'Must_Use_Good_Prompts']",,,"['Product_Liability', 'Medical_Domain', 'Use_in_Critical_Systems']",,,,,,,,,,,
110,['Faster_Development_or_Saves_Time'],['Have_to_Review_Carefully'],,['Sensitive_Information_or_IP'],['Decision_Making'],,,,,,,,,,,
111,"[""Don't_Have_To_Read_Documentation"", 'Less_Fatigue_and_Burn_Out', 'Faster_Development_or_Saves_Time']","['Hallucinations', 'Trained_on_Old_Data', 'Lack_of_Wider_Context']",,,['Not_Sure_or_No_Issues'],,,,,,,,,,,
112,"['Faster_Development_or_Saves_Time', 'Performing_Repetitive_Tasks', 'Prototyping_or_Skeleton']",['Unhelpful_or_Broken_Generations'],,,"['Liability_for_Generated_Bugs_and_Defects', 'Security_Issues_in_Generated_Code', 'Bias', 'Data_Privacy']",,,,,,,,,,,
113,,,,,,,,,,,,,,,,
114,['Faster_Development_or_Saves_Time'],"['Instructions_Need_to_be_Broken_Down', 'Lack_of_Wider_Context', 'Unhelpful_or_Broken_Generations']",,,"['Impersonation', 'Other_Media_Generation']",,,,,,,,,,,
115,,,"['Code_Style', 'Paywall', 'Performance']",,"['Security_Issues_in_Generated_Code', 'Break_Standards_and_Regulations']",,,,,,,,,,,
116,,,['Employer'],['Legal_Risk'],"['Generated_ML_Networks', 'Algorithms', 'Patents']",,,,,,,,,,,
117,['Faster_Development_or_Saves_Time'],['Unhelpful_or_Broken_Generations'],,,['Architecture_Design'],,,,,,,,,,,
118,"['Provide_Reference_or_Learning', 'Experimenting', 'Develop_in_Unfamiliar_Languages', 'Incentive_to_Write_Good_Tests', 'Faster_Development_or_Saves_Time', 'Allows_to_Shift_Focus']","['Subtle_or_Hidden_Errors', 'Inability_to_Design', 'Must_Use_Good_Prompts', 'Unhelpful_or_Broken_Generations', 'Learning_Curve', 'Mindset_Switch', ""Doesn't_Work_For_Less_Popular_Libraries"", 'Trained_on_Old_Data']",,,"['Developers_Sleep_at_Wheel', 'Information_Leaks', 'Architecture_Design']",,,,,,,,,,,
119,"['Error_Detection', 'Improve_Code_Quality', 'Faster_Development_or_Saves_Time']",['Trying_Different_Prompts'],,,"['Authoring', 'Plagiarism_and_Imitation']",,,,,,,,,,,
120,['Faster_Development_or_Saves_Time'],"[""Doesn't_Work_For_Less_Popular_Libraries""]",,,"['Medical_Domain', 'Decision_Making', 'Use_in_Critical_Systems']",,,,,,,,,,,
121,"['Writing_Basic_Code_Snippets', 'Faster_Development_or_Saves_Time']",['No_Gaps'],,,"['Testing', 'Generating_Synthetic_Data']",,,,,,,,,,,
122,"['Faster_Development_or_Saves_Time', 'Provide_Inspiration']","[""AI_Doesn't_Understand_Problem"", ""Doesn't_Work_for_Complex_Issues""]",,,['Patents'],,,,,,,,,,,
123,['Prototyping_or_Skeleton'],"['Circular_Conversations', ""Doesn't_Follow_Instructions"", 'Unhelpful_or_Broken_Generations']",,,['Other_Media_Generation'],,,,,,,,,,,
124,['Faster_Developement'],['Trained_on_Old_Data'],,,['Hacking'],,,,,,,,,,,
125,"['Error_Detection', 'Develop_with_Unfamiliar_Libraries', 'Writing_Basic_Code_Snippets']","['Subtle_or_Hidden_Errors', ""Doesn't_Work_for_Complex_Issues"", 'Generates_Buggy_Code']",,['Not_Sure'],"['Unemployment', 'Liability_for_Generated_Bugs_and_Defects']",,,,,,,,,,,
126,"['Simplifying_Code_and_Logic', 'Fewer_Bugs', 'Standard_and_Consistent_Code', 'Faster_Development_or_Saves_Time']",['Lack_of_Wider_Context'],,,"['All_Tasks', 'Lawyers_Will_Decide']",,,,,,,,,,,
127,"['Writing_Basic_Code_Snippets', 'Faster_Development_or_Saves_Time']","['Formatting_Issues', 'Lack_of_Wider_Context']",,,['Information_Leaks'],,,,,,,,,,,
128,['Offers_a_Starting_Point'],"[""Can't_Automate_End_to_End_Process""]",,,['Bad_Answer'],,,,,,,,,,,
129,['Offers_a_Starting_Point'],"['Unhelpful_or_Broken_Generations', ""Can't_Rely_On_AI_Fully""]",,,['Not_Sure_or_No_Issues'],,,,,,,,,,,
130,"['Provide_Reference_or_Learning', 'Code_Is_IDE_Ready', 'Can_Explain_or_Summarize_Code']","[""Can't_Rely_On_AI_Fully"", 'Lack_of_Wider_Context']",,,['Not_Sure_or_No_Issues'],,,,,,,,,,,
131,"['Writing_Basic_Code_Snippets', 'Can_Explain_or_Summarize_Code']",['Hallucinations'],,,"['Break_Standards_and_Regulations', 'Refactoring']",,,,,,,,,,,
132,"['Writing_Basic_Code_Snippets', 'Faster_Development_or_Saves_Time']",['No_Gaps'],,,['Not_Sure_or_No_Issues'],,,,,,,,,,,
133,"['Provide_Inspiration', 'Offers_a_Starting_Point']","['Have_to_Review_Carefully', 'Context_Window', 'Time_Consuming_to_Fix_Code', 'Lack_of_Wider_Context', 'Trained_on_Old_Data', 'Hardware_Related_Issues']",,"['Sensitive_Information_or_IP', 'Legal_Risk']","['Liability_for_Generated_Bugs_and_Defects', 'Break_Standards_and_Regulations']",,,,,,,,,,,
134,"['Getting_Alternatives', 'Can_Explain_or_Summarize_Code']","['Generates_Poor_Quality_Code', 'Unhelpful_or_Broken_Generations', 'Must_Use_Good_Prompts']",,,['No_Response'],,,,,,,,,,,
135,['Provide_Reference_or_Learning'],['Must_Use_Good_Prompts'],,"[""Hasn't_Been_Cleared_Yet""]",['Training_Set_Leak'],,,,,,,,,,,
136,['Offers_New_Perspective_or_Insight'],['Unhelpful_or_Broken_Generations'],,,['Information_Leaks'],,,,,,,,,,,
137,"['Fewer_Bugs', 'Faster_Development_or_Saves_Time']",['No_Gaps'],,,['Not_Sure_or_No_Issues'],,,,,,,,,,,
138,"[""Don't_Have_To_Read_Documentation""]",['Trained_on_Old_Data'],,['Domain_of_Work'],['Product_Design'],,,,,,,,,,,
139,['Offers_New_Perspective_or_Insight'],"[""Doesn't_Work_For_Usecase"", 'Unhelpful_or_Broken_Generations']",,,"['Automation', 'Hacking', 'Bias']",,,,,,,,,,,
140,"[""Don't_Have_To_Read_Documentation""]",['Unhelpful_or_Broken_Generations'],,,['AI_Revoked'],,,,,,,,,,,
141,"['Increased_Understanding', 'Provide_Reference_or_Learning', 'Domain_Logic_Support', 'Faster_Development_or_Saves_Time']",['Trained_on_Old_Data'],,,"['Education', 'Reverse_Engineering', 'Language_Translation']",,,,,,,,,,,
142,"['Can_Work_on_Bigger_Projects', 'Motivation']",['Too_Many_To_List'],,,"['Lawyers_Will_Decide', 'All_Tasks']",,,,,,,,,,,
143,"['Faster_Development_or_Saves_Time', 'Provide_Reference_or_Learning']",['Censored'],,,['Abuse_Leads_to_Restrictions'],,,,,,,,,,,
144,"['Provide_Reference_or_Learning', 'Writing_Basic_Code_Snippets']","['Problems_That_Span_Files', 'Context_Window', 'Not_Good_with_Math', 'Lack_of_Wider_Context', 'Have_to_Review_Carefully', 'Unhelpful_or_Broken_Generations']",,,"['Content_Copyrights', 'All_Tasks', 'Toxic_Content', 'Misleading_Content']",,,,,,,,,,,
145,['Faster_Development_or_Saves_Time'],"['Autocomplete_Issues', 'Hallucinations']",,,['Architecture_Design'],,,,,,,,,,,
146,['Faster_Development_or_Saves_Time'],"['Censored', 'Have_to_Review_Carefully']",,,"['Law_Is_Too_Slow', 'The_Law_Will_Change']",,,,,,,,,,,
147,['Fast_Schema_and_Requirements'],"['Unhelpful_or_Broken_Generations', ""AI_Doesn't_Understand_Problem""]",,,['Not_Sure_or_No_Issues'],,,,,,,,,,,
148,"['Testing', 'Documentation', 'Faster_Development_or_Saves_Time']","[""Doesn't_Work_for_Complex_Issues""]",,,"['Conformity_Assessment', 'Security_Issues_in_Generated_Code']",,,,,,,,,,,
149,"['Can_Explain_or_Summarize_Code', 'Provide_Inspiration', 'Debugging', 'Faster_Development_or_Saves_Time']","['Context_Window', ""Can't_Automate_End_to_End_Process""]",,,['Liability_For_AI_Agent_Actions'],,,,,,,,,,,
150,['Develop_in_Unfamiliar_Languages'],"[""Generated_Code_Doesn't_Fit_Project"", 'Trained_on_Old_Data']",,,['Architecture_Design'],,,,,,,,,,,
151,['Debugging'],['Context_Window'],,,"['References_Firm_Company_Or_Name', 'Plagiarism_and_Imitation']",,,,,,,,,,,
152,['Faster_Development_or_Saves_Time'],"['Generates_Poor_Quality_Code', 'Time_Consuming_to_Fix_Code']",,,['All_Tasks'],,,,,,,,,,,
153,['Faster_Development_or_Saves_Time'],"['Hallucinations', 'Trained_on_Old_Data']",,,['Not_Sure_or_No_Issues'],,,,,,,,,,,
154,"['Offers_New_Perspective_or_Insight', 'Provide_Inspiration', 'Faster_Development_or_Saves_Time', 'Fewer_Bugs', 'Faster_Development_or_Saves_Time']","[""AI_Doesn't_Understand_Problem"", 'Generates_Buggy_Code']",,,['Data_Privacy'],,,,,,,,,,,
155,"['Writing_Basic_Code_Snippets', 'Faster_Development_or_Saves_Time']","['Time_Consuming_to_Prompt', 'Unhelpful_or_Broken_Generations', ""AI_Doesn't_Understand_Problem""]",,,['Not_Sure_or_No_Issues'],,,,,,,,,,,
156,['Prototyping_or_Skeleton'],['Unhelpful_or_Broken_Generations'],,['Sensitive_Information_or_IP'],['Automated_Data_Analysis'],,,,,,,,,,,
157,,,"['Require_Extensive_Debugging', 'Ethical_Considerations']",,"['Information_Leaks', 'All_Tasks']",,,,,,,,,,,
158,"['Faster_Development_or_Saves_Time', 'Debugging', 'Documentation']","[""Models_Can't_Test_Output""]",,,"['Version_Control_Related', 'Testing', 'Documentation', 'Workflow_Generation']",,,,,,,,,,,
159,"['Improve_Code_Quality', 'Getting_Alternatives', 'Provide_Inspiration', 'Offers_New_Perspective_or_Insight']","['Ambiguities', 'Generic_Generations', 'Lack_of_Creativity', 'Unhelpful_or_Broken_Generations']",,,"['Other_Media_Generation', 'Generating_Malicious_Content']",,,,,,,,,,,
160,,,"['No_Usecase_or_Not_Useful', 'Privacy_Concerns']",,['No_Response'],,,,,,,,,,,
161,['Faster_Development_or_Saves_Time'],['Makes_Problems_Worse'],,,['Not_Sure_or_No_Issues'],,,,,,,,,,,
162,['Bad_Answer'],"['Unhelpful_or_Broken_Generations', 'Speed']",,,['Lawyers_Will_Decide'],,,,,,,,,,,
163,,,['Legal_Risks'],['Legal_Risk'],['All_Tasks'],,,,,,,,,,,
164,['Writing_Basic_Code_Snippets'],"['Lack_of_Wider_Context', 'Hallucinations']",,,"['Generating_Synthetic_Data', 'Other_Media_Generation']",,,,,,,,,,,
165,"['Debugging', 'Implementing_Algorithms']",['Hallucinations'],,,['Information_Leaks'],,,,,,,,,,,
166,,,['Sending_Code_to_Remote'],,['Legal_Issues_Surrounding_Training_Data'],,,,,,,,,,,
167,['Faster_Development_or_Saves_Time'],['Privacy'],,,['Information_Leaks'],,,,,,,,,,,
168,"['Allows_to_Shift_Focus', 'Automate_Tasks']","['Circular_Conversations', 'Unhelpful_or_Broken_Generations']",,,"['Other_Media_Generation', 'AI_Influencers']",,,,,,,,,,,
169,"['Faster_Development_or_Saves_Time', 'Debugging']","['Hallucinations', 'Not_Smart_Enough']",,,['Education'],,,,,,,,,,,
170,['Writing_Basic_Code_Snippets'],"['Trained_on_Old_Data', 'Unhelpful_or_Broken_Generations']",,['Legal_Risk'],['Authoring'],,,,,,,,,,,
171,"['Allows_to_Shift_Focus', 'Not_Having_to_Think', 'Quicker_Iterations']","['Depends_on_Scope', 'Subtle_or_Hidden_Errors']",,,['All_Tasks'],,,,,,,,,,,
172,"['Faster_Development_or_Saves_Time', 'Data_Analysis', 'Best_Practices', 'Improve_Code_Quality', 'Documentation', 'Prototyping_or_Skeleton']","['Time_Consuming_to_Fix_Code', 'Hard_to_Understand_Generated_Code', 'Trained_on_Old_Data', ""Doesn't_Work_For_Less_Popular_Libraries""]",,,['Testing'],,,,,,,,,,,
173,"['Prototyping_or_Skeleton', 'Develop_with_Unfamiliar_Libraries', 'Code_Review']","[""Doesn't_Work_for_Complex_Issues"", 'Context_Window']",,,['Lawyers_Will_Decide'],,,,,,,,,,,
175,"['Getting_Alternatives', 'Rubber_Duck_Debugging', 'Error_Detection', 'Debugging']",['Lack_of_Creativity'],,,"[""Generative_Models_Don't_Lead_To_Legal_Issues""]",,,,,,,,,,,
176,"['Provide_Inspiration', 'Writing_Commit_Messages', 'Documentation', 'Prototyping_or_Skeleton']","['Trained_on_Old_Data', 'Interactivity_Problems', 'Unhelpful_or_Broken_Generations']",,,['All_Tasks'],,,,,,,,,,,
177,,,['Other_Priorities'],,"['Documentation', 'Unemployment', 'Security_Issues_in_Generated_Code', 'UI_Related']",,,,,,,,,,,
178,"['Faster_Development_or_Saves_Time', 'Prototyping_or_Skeleton']","['Suggestions_Are_Not_Optimal', 'Verbose']",,,['Not_Sure_or_No_Issues'],,,,,,,,,,,
179,,,"['Paywall', 'Hallucinations']",,['Other_Media_Generation'],,,,,,,,,,,
180,"['Writing_Basic_Code_Snippets', 'Documentation']","[""Doesn't_Follow_Instructions""]",,,['Plagiarism_and_Imitation'],,,,,,,,,,,
181,"['Faster_Development_or_Saves_Time', 'Provide_Reference_or_Learning', 'Auto_Completion', 'Prototyping_or_Skeleton', 'Fewer_Bugs']",['No_Gaps'],,,['Other_Media_Generation'],,,,,,,,,,,
182,"['Getting_Alternatives', 'Faster_Development_or_Saves_Time', 'Provide_Reference_or_Learning', 'Develop_in_Unfamiliar_Languages']","['Breaks_Code_on_Refactor', 'Problems_That_Span_Files', 'Makes_Problems_Worse', 'Hallucinations', 'Lack_of_Wider_Context', ""Doesn't_Work_For_Legacy""]",,['Sensitive_Information_or_IP'],"['Security_Issues_in_Generated_Code', 'Liability_for_Generated_Bugs_and_Defects', 'Breaching_NDA', 'Patents']",,,,,,,,,,,
183,"['Faster_Development_or_Saves_Time', 'Develop_in_Unfamiliar_Languages']",['Unhelpful_or_Broken_Generations'],,,['Not_Sure_or_No_Issues'],,,,,,,,,,,
184,"['Allows_to_Shift_Focus', 'Develop_in_Unfamiliar_Languages', 'Develop_with_Unfamiliar_Libraries', 'Increases_Scope_of_Work', 'Multimodel_Models', 'Lowers_Barrier_to_Entry']","['Context_Window', 'Hallucinations', 'Trained_on_Old_Data']",,,"['Hacking', 'Generating_Malicious_Content']",,,,,,,,,,,
185,"['Provide_Reference_or_Learning', 'Facilitate_Problem_Solving', 'Increased_Understanding', 'Faster_Development_or_Saves_Time', 'Documentation']","['Unfounded_Confidence', 'Unhelpful_or_Broken_Generations']",,,"['Algorithms', 'Patents']",,,,,,,,,,,
186,['Faster_Development_or_Saves_Time'],['Multiple_Windows'],,,['Not_Sure_or_No_Issues'],,,,,,,,,,,
187,"['Generating_Test_Cases', 'Faster_Development_or_Saves_Time', 'Writing_Basic_Code_Snippets', 'Improve_Code_Quality']","['Have_to_Review_Carefully', ""Doesn't_Work_for_Complex_Issues"", ""AI_Doesn't_Understand_Problem""]",,,"['Data_in_Code', 'Product_Design', 'Algorithms']",,,,,,,,,,,
188,,,"['Prefer_to_Code_Themself', 'Takes_the_Fun_Out_of_Coding']",,['Other_Media_Generation'],,,,,,,,,,,
189,['Improve_Code_Quality'],['Hallucinations'],,,['Entertainment'],,,,,,,,,,,
190,"['Generating_Test_Cases', 'Develop_with_Unfamiliar_Libraries', 'Writing_Basic_Code_Snippets', 'Domain_Logic_Support', ""Don't_Have_To_Read_Documentation"", 'Helps_Solve_Complex_Problems', 'Helps_when_Stuck', 'Provide_Reference_or_Learning', 'Porting_or_Translating_Code']","['Not_Smart_Enough', ""Can't_Compete_with_Expert_Devs"", ""Doesn't_Work_for_Complex_Issues"", 'Trained_on_Old_Data', 'Lack_of_Wider_Context', 'Context_Window', ""Doesn't_Work_For_Less_Popular_Libraries""]",,,['Break_Standards_and_Regulations'],,,,,,,,,,,
191,['Provide_Reference_or_Learning'],['Have_to_Review_Carefully'],,,['Other_Media_Generation'],,,,,,,,,,,
192,['Faster_Development_or_Saves_Time'],"['Inconsistent_Results', 'Must_Use_Good_Prompts', 'Unhelpful_or_Broken_Generations']",,,"['Misleading_Content', 'Generating_Malicious_Content']",,,,,,,,,,,['Break_Standards_and_Regulations']
193,"['Documentation', 'Standard_and_Consistent_Code']",['Unhelpful_or_Broken_Generations'],,,"['Other_Media_Generation', 'All_Tasks']",,,,,,,,,,,
194,['Faster_Development_or_Saves_Time'],['Young_Technology'],,,['Gamification'],,,,,,,,,,,
195,"['Provide_Reference_or_Learning', 'Offers_a_Starting_Point', 'Prototyping_or_Skeleton']","['Generates_Buggy_Code', ""Can't_Rely_On_AI_Fully""]",,,['No_Response'],,,,,,,,,,,
196,,,"['Security_Concerns', 'Alternatives_are_Sufficient', 'Legal_Risks', 'Discourages_Learning_Project']",['Legal_Risk'],"['Data_Privacy', 'Documentation', 'Other_Media_Generation', 'Management', 'All_Tasks', 'Legal_Issues_Surrounding_Training_Data']",,,,,,,,,,,
197,"['Faster_Development', 'Debugging']",['Licensing_Problems'],,,['Other_Media_Generation'],,,,,,,,,,,
198,['Reduced_Cognitive_Load'],"[""AI_Doesn't_Understand_Problem""]",,,['Marketing'],,,,,,,,,,,
199,"['Implementing_Algorithms', 'Writing_Basic_Code_Snippets']","['Intrusive', 'Autocomplete_Issues']",,,['Not_Sure_or_No_Issues'],,,,,,,,,,,
200,['Faster_Development_or_Saves_Time'],"[""Doesn't_Work_For_Usecase""]",,,"['Authoring', 'Research']",,,,,,,,,,,
201,,,['Employer'],['Slow_to_Adopt'],"['Product_Design', 'Requirements']",,,,,,,,,,,
202,['Implementing_Algorithms'],"[""Doesn't_Work_For_Less_Popular_Libraries""]",,,['UI_Related'],,,,,,,,,,,
203,,,['Uncertainty_About_Deploying_to_Production'],,['Other_Media_Generation'],,,,,,,,,,,
204,"['Best_Practices', 'Develop_with_Unfamiliar_Libraries', 'Auto_Completion', 'Provide_Reference_or_Learning', 'Depends_on_the_Tool', 'Architecture_and_System_Design', 'Faster_Development_or_Saves_Time']","['Lack_of_Creativity', ""Doesn't_Work_for_Complex_Issues""]",,,"['Generating_Malicious_Content', 'Rogue_Agents', 'Impersonation']",,,,,,,,,,,
205,"['Faster_Development_or_Saves_Time', 'Code_Review', 'Prototyping_or_Skeleton']","['Generates_Poor_Quality_Code', 'Hallucinations']",,,"['Other_Media_Generation', 'Plagiarism_and_Imitation']",,,,,,,,,,,
206,"[""Don't_Have_To_Read_Documentation""]",['Unhelpful_or_Broken_Generations'],,,['Generating_Malicious_Content'],,,,,,,,,,,
207,"['Improve_Code_Quality', 'Allows_to_Shift_Focus']","[""Doesn't_Work_for_Complex_Issues""]",,,"['Content_Copyrights', 'Medical_Domain', 'Legal_Practice']",,,,,,,,,,,
208,"['Can_Explain_or_Summarize_Code', 'Provide_Reference_or_Learning', 'Faster_Development_or_Saves_Time']","['Trained_on_Old_Data', 'Lack_of_Wider_Context']",,,"['AI_No_Different_Than_Humans', 'Legal_Issues_Surrounding_Training_Data']",,,,,,,,,,,
209,"['Writing_Basic_Code_Snippets', 'Auto_Completion']","['Suggestions_Are_Not_Optimal', 'Blackbox_Problem']",,,"['Information_Leaks', 'Testing', 'Developers_Sleep_at_Wheel']",,,,,,,,,,,
210,"['Faster_Development_or_Saves_Time', 'Allows_to_Shift_Focus']","['Context_Window', 'Generic_Generations', 'Unfounded_Confidence', 'Lack_of_Wider_Context', ""Doesn't_Follow_Instructions""]",,,['All_Tasks'],,,,,,,,,,,
211,['Faster_Development_or_Saves_Time'],"[""AI_Doesn't_Understand_Problem""]",,,['Testing'],,,,,,,,,,,
212,"['Architecture_and_System_Design', 'Refactoring_Code', 'Faster_Development_or_Saves_Time', 'Best_Practices']","['Context_Window', 'Have_to_Review_Carefully']",,,['Product_Design'],,,,,,,,,,,
213,"['Faster_Development_or_Saves_Time', 'Accuracy']",['Unhelpful_or_Broken_Generations'],,,['Not_Sure_or_No_Issues'],,,,,,,,,,,
214,"['Error_Detection', 'Performing_Repetitive_Tasks']",['Long_Prompts'],,,['Architecture_Design'],,,,,,,,,,,
215,,,"['Prefer_to_Code_Themself', 'Slower_Than_Coding_or_Other_Tools', 'Legal_Risks']",,"['Algorithms', 'Data_Structures', 'Design_Patterns']",,,,,,,,,,,
216,"['Improve_Code_Quality', 'Faster_Development_or_Saves_Time']","[""Doesn't_Follow_Instructions"", ""Doesn't_Really_Understand""]",,,['Other_Media_Generation'],,,,,,,,,,,
217,['Faster_Development_or_Saves_Time'],['Circular_Conversations'],,,['Not_Sure_or_No_Issues'],,,,,,,,,,,
218,,,['Incorrect_Code_Generations'],,['Not_Sure_or_No_Issues'],,,,,,,,,,,
219,"['Pair_Programming', 'Develop_in_Unfamiliar_Languages', 'Less_Typing', 'Detection_of_Edge_Cases', ""Don't_Have_To_Read_Documentation""]","['Time_Consuming_to_Fix_Code', 'Have_to_Review_Carefully', ""Doesn't_Ask_for_Clarification"", 'Autocomplete_Issues']",,,['Testing'],,,,,,,,,,,
220,"['Faster_Development_or_Saves_Time', 'Writing_Basic_Code_Snippets', 'Offers_a_Starting_Point']","['Lack_of_Creativity', 'Unhelpful_or_Broken_Generations', 'Generates_Buggy_Code', ""Doesn't_Work_For_Usecase""]",,,['Plagiarism_and_Imitation'],,,,,,,,,,,
221,"['Faster_Development_or_Saves_Time', 'Less_Typing']","['Lack_of_Wider_Context', 'Unhelpful_or_Broken_Generations']",,,"['Information_Leaks', 'UI_Related', 'Product_Design']",,,,,,,,,,,
222,,,"['Webtools_are_Enough', 'Sending_Code_to_Remote']",['Sensitive_Information_or_IP'],['Not_Sure_or_No_Issues'],,,,,,,,,,,
223,"[""Don't_Have_To_Read_Documentation"", 'Faster_Development_or_Saves_Time']","['Hallucinations', 'Unfounded_Confidence']",,,['All_Tasks'],,,,,,,,,,,
224,['Bad_Answer'],['Young_Technology'],,['Bad_Answer'],['Documentation'],,,,,,,,,,,
225,,,"['Prefer_to_Code_Themself', 'Only_Use_For_Hard_to_Google_Cases']",,['Other_Media_Generation'],,,,,,,,,,,
226,"['Less_Typing', 'Generating_Test_Cases', 'Writing_Basic_Code_Snippets', 'Provide_Reference_or_Learning', 'Faster_Development_or_Saves_Time']","['Unhelpful_or_Broken_Generations', ""Doesn't_Follow_Best_Practices""]",,,['Not_Sure_or_No_Issues'],,,,,,,,,,,
227,,,,,,,,,,,,,,,,
228,['Faster_Development_or_Saves_Time'],['No_Gaps'],,,['Not_Sure_or_No_Issues'],,,,,,,,,,,
229,"['Offers_New_Perspective_or_Insight', 'Provide_Reference_or_Learning', 'Faster_Development_or_Saves_Time']",['Hallucinations'],,,['Generation_of_Task_Descriptions'],,,,,,,,,,,
231,"['Offers_a_Starting_Point', 'Writing_Basic_Code_Snippets', 'Faster_Development_or_Saves_Time']",['Trained_on_Old_Data'],,,"['UI_Related', 'Generation_of_Business_Models', 'Documentation']",,,,,,,,,,,
232,"['Auto_Completion', 'Faster_Development_or_Saves_Time']",['No_Gaps'],,,['Other_Media_Generation'],,,,,,,,,,,
233,['Faster_Development_or_Saves_Time'],"['Unfounded_Confidence', 'Subtle_or_Hidden_Errors', 'Time_Consuming_to_Fix_Code', 'Have_to_Review_Carefully', 'Hallucinations']",,,['Bad_Answer'],,,,,,,,,,,
234,['Faster_Development_or_Saves_Time'],['Young_Technology'],,,['Not_Sure_or_No_Issues'],,,,,,,,,,,
235,"['Can_Explain_or_Summarize_Code', 'Faster_Development_or_Saves_Time']",['Cost'],,,['Architecture_Design'],,,,,,,,,,,
236,,,"['No_Usecase_or_Not_Useful', 'Concerns_About_Training', 'Clients_Forbid_Them', 'Not_Mature_Enough']",['Issues_Over_Code_Authorship'],"['Composing_Ones_Thoughts', 'Information_Leaks']",,,,,,,,,,,
237,['Less_Typing'],['Reasoning_Skills'],,,['Not_Sure_or_No_Issues'],,,,,,,,,,,
238,"['Commit_Summarization', 'Writing_Commit_Messages', 'Faster_Development_or_Saves_Time', 'Documentation']","['Unfounded_Confidence', 'Unhelpful_or_Broken_Generations', ""AI_Doesn't_Understand_Problem"", 'Circular_Conversations']",,,['No_Response'],,,,,,,,,,,
239,"['Provide_Reference_or_Learning', 'Pair_Programming']","[""Doesn't_Work_for_Complex_Issues"", ""Can't_Automate_End_to_End_Process"", 'Hallucinations']",,,['Product_Liability'],,,,,,,,,,,
240,"['Mistake_and_Typo_Correction', 'Writes_Small_Scripts']","[""Can't_Rely_On_AI_Fully"", ""Doesn't_Work_for_Complex_Issues"", 'Must_Use_Good_Prompts']",,,['Other_Media_Generation'],,,,,,,,,,,
241,"['Faster_Development_or_Saves_Time', 'Prototyping_or_Skeleton']",['Privacy'],,,['License_Compliance'],,,,,,,,,,,
242,"['Improve_Code_Quality', 'Debugging', 'Quicker_Iterations']","['Reasoning_Skills', 'Trained_on_Old_Data', 'Context_Window']",,,['AI_Detection_Tools'],,,,,,,,,,,
243,"['Refactoring_Code', 'Writing_Basic_Code_Snippets', 'Faster_Development_or_Saves_Time', 'Offers_New_Perspective_or_Insight']","[""Doesn't_Work_for_Complex_Issues"", 'Hallucinations']",,,['Other_Media_Generation'],,,,,,,,,,,
245,"['Develop_with_Unfamiliar_Libraries', 'Writing_Basic_Code_Snippets']","['Lack_of_Wider_Context', ""Doesn't_Work_For_Less_Popular_Libraries""]",,,"['Product_Liability', 'Medical_Domain', 'Use_in_Critical_Systems']",,,,,,,,,,,
246,"['Improve_Code_Quality', 'Faster_Development_or_Saves_Time', 'Writing_Regex']","['Young_Technology', ""Doesn't_Work_for_Complex_Issues"", 'Context_Window']",,,['Not_Sure_or_No_Issues'],,,,,,,,,,,
248,"['Standard_and_Consistent_Code', 'Improve_Code_Quality']","[""Doesn't_Work_for_Complex_Issues""]",,,"['Generation_For_Scams', 'Impersonation', 'Generating_Malicious_Content', 'Other_Media_Generation']",,,,,,,,,,,
249,"['Fewer_Bugs', 'Faster_Development_or_Saves_Time']","['Garbage_in_Garbage_Out', 'Network_Issues']",,,['Not_Sure_or_No_Issues'],,,,,,,,,,,
250,"['Pair_Programming', 'Faster_Development_or_Saves_Time', 'Develop_in_Unfamiliar_Languages']","['Problems_That_Span_Files', 'Time_Consuming_to_Prompt', 'Multiple_Windows', 'Lack_of_Wider_Context', ""Can't_Automate_End_to_End_Process""]",,,"['Law_Is_Too_Slow', 'The_Future_is_Now']",,,,,,,,,,,
251,"['Writing_Basic_Code_Snippets', 'Refactoring_Code']",['Not_Smart_Enough'],,,['Liability_For_AI_Agent_Actions'],,,,,,,,,,,
252,"['Easy_to_Use', 'Faster_Development_or_Saves_Time']",['Must_Use_Good_Prompts'],,,['Authoring'],,,,,,,,,,,
253,,,,,,,,,,,,,,,,
254,"['Faster_Development_or_Saves_Time', 'Increased_Understanding']",['Off_Topic'],,,['Other_Media_Generation'],,,,,,,,,,,
255,"['Can_Explain_or_Summarize_Code', 'Faster_Development_or_Saves_Time', 'Writing_Basic_Code_Snippets', 'Implementing_Algorithms', 'Porting_or_Translating_Code']","['Unhelpful_or_Broken_Generations', 'Not_Good_For_Debugging', 'Trained_on_Old_Data']",,,['Not_Sure_or_No_Issues'],,,,,,,,,,,
256,"[""Don't_Have_To_Read_Documentation""]","['Interactivity_Problems', 'Multiple_Windows']",,,['Other_Media_Generation'],,,,,,,,,,,
257,"['Provide_Reference_or_Learning', 'Offers_New_Perspective_or_Insight', 'Experimenting', 'Provide_Inspiration', 'Error_Detection', 'Faster_Development_or_Saves_Time', 'Prototyping_or_Skeleton', 'Lowers_Barrier_to_Entry']","['Suggestions_Are_Not_Optimal', 'Unhelpful_or_Broken_Generations', ""Can't_Compete_with_Expert_Devs"", 'Not_Good_For_Debugging', ""Doesn't_Work_for_Complex_Issues"", 'Subtle_or_Hidden_Errors']",,,"['Data_Privacy', 'Medical_Domain', 'Ownership', 'Break_Standards_and_Regulations', 'Use_in_Critical_Systems', 'Bias']",,,,,,,,,,,
258,['Faster_Development_or_Saves_Time'],"[""Doesn't_Work_for_Complex_Issues"", ""Can't_Automate_End_to_End_Process""]",,,['Bad_Answer'],,,,,,,,,,,
260,['Quickly_Move_From_Idea_to_Product'],"[""Doesn't_Really_Understand"", 'Inconsistent_Results']",,,['Not_Sure_or_No_Issues'],,,,,,,,,,,
261,['Faster_Development_or_Saves_Time'],['Learning_Curve'],,,"['Misleading_Content', 'Medical_Domain']",,,,,,,,,,,
262,['Can_Explain_or_Summarize_Code'],"[""Can't_Rely_On_AI_Fully"", 'Suggestions_Are_Not_Optimal']",,,['Other_Media_Generation'],,,,,,,,,,,
264,"['Writing_Basic_Code_Snippets', 'Allows_to_Shift_Focus']",['Not_Good_at_Documentation'],,,['Other_Media_Generation'],,,,,,,,,,,
265,['Faster_Development_or_Saves_Time'],['Time_Consuming_to_Prompt'],,,"['Chatbots', 'Authoring']",,,,,,,,,,,
266,"['Testing', 'Faster_Development_or_Saves_Time', 'Faster_Configuring_of_Projects', 'Prototyping_or_Skeleton']","['Unhelpful_or_Broken_Generations', 'Trying_Different_Prompts']",,,"['Other_Media_Generation', 'Chatbots', 'Authoring']",,,,,,,,,,,
267,['Faster_Development_or_Saves_Time'],"['Intrusive', 'Autocomplete_Issues']",,,"['Generating_Copyrighted_Content', 'Algorithms']",,,,,,,,,,,
268,"['Debugging', 'Generating_Test_Cases', 'Error_Detection']","[""Can't_Automate_End_to_End_Process""]",,,['Not_Sure_or_No_Issues'],,,,,,,,,,,
269,['Performing_Repetitive_Tasks'],['Hallucinations'],,,['All_Tasks'],,,,,,,,,,,
271,['No_Real_Benefits'],['Generates_Poor_Quality_Code'],,,['Information_Leaks'],,,,,,,,,,,
272,['Faster_Development_or_Saves_Time'],['No_Gaps'],,,['All_Tasks'],,,,,,,,,,,
273,,,,,,,,,,,,,,,,
274,"['Increases_Scope_of_Work', 'Helps_Solve_Complex_Problems', 'Faster_Development_or_Saves_Time']","[""Doesn't_Work_For_Less_Popular_Libraries"", 'Unhelpful_or_Broken_Generations']",,,['Protected_Info_In_Prompt'],,,,,,,,,,,
275,['Faster_Development_or_Saves_Time'],['No_Gaps'],,,['Version_Control_Related'],,,,,,,,,,,
276,,,"['Prefer_to_Code_Themself', 'Webtools_are_Enough', 'Doesn&#x27;t_Want_to_Become_Dependent']",,['Not_Sure_or_No_Issues'],,,,,,,,,,,
277,"[""Don't_Have_To_Read_Documentation""]",['No_Gaps'],,,"['Other_Media_Generation', 'Documentation']",,,,,,,,,,,
278,"['Faster_Development_or_Saves_Time', 'Provide_Reference_or_Learning', 'Prototyping_or_Skeleton']","['Time_Consuming_to_Fix_Code', 'Trained_on_Old_Data', 'Hallucinations']",,,"['Documentation', 'Patents']",,,,,,,,,,,
279,"['Generating_Test_Cases', 'Provide_Reference_or_Learning', 'Faster_Development_or_Saves_Time', 'Static_Analysis', ""Don't_Have_To_Read_Documentation"", 'Refactoring_Code', 'Prototyping_or_Skeleton']","['Generates_Buggy_Code', 'Subtle_or_Hidden_Errors', 'Lack_of_Wider_Context']",,,['Not_Sure_or_No_Issues'],,,,,,,,,,,
280,"['Faster_Development_or_Saves_Time', 'Accuracy']","[""Doesn't_Work_for_Complex_Issues"", 'Context_Window', 'Lack_of_Wider_Context']",,,['No_Response'],,,,,,,,,,,
282,,,"[""Doesn't_Work_For_Use_Case""]",,['Not_Sure_or_No_Issues'],,,,,,,,,,,
284,"['Writing_Basic_Code_Snippets', 'Provide_Inspiration']",['Lack_of_Wider_Context'],,,['Not_Sure_or_No_Issues'],,,,,,,,,,,
285,"['Generating_Test_Data', 'Writing_Basic_Code_Snippets', 'Develop_in_Unfamiliar_Languages', 'Faster_Development_or_Saves_Time']",['Speed'],,,['Not_Sure_or_No_Issues'],,,,,,,,,,,
286,"['Generating_Test_Cases', 'Prototyping_or_Skeleton', 'Porting_or_Translating_Code']","['Time_Consuming_to_Fix_Code', 'Poor_Test_Generation']",,,['Documentation'],,,,,,,,,,,
287,"['Easy_to_Use', 'Faster_Development_or_Saves_Time', 'Writing_Basic_Code_Snippets']","['Generic_Generations', 'Hallucinations']",,,"['Documentation', 'Testing']",,,,,,,,,,,
288,['Performing_Repetitive_Tasks'],"[""Doesn't_Follow_Instructions"", 'Problems_That_Span_Files', 'Lack_of_Wider_Context', 'Trained_on_Old_Data', 'Context_Window', 'Confused', 'Hallucinations']",,,['Other_Media_Generation'],,,,,,,,,,,
289,"['Improve_Code_Quality', 'Faster_Development_or_Saves_Time']","[""Models_Can't_Test_Output""]",,['Threat_to_Human_Intellect'],['No_Response'],,,,,,,,,,,
290,['Provide_Inspiration'],"[""Can't_Rely_On_AI_Fully""]",,,['AI_No_Different_Than_Humans'],,,,,,,,,,,
291,"['Faster_Development_or_Saves_Time', 'Debugging']","[""Doesn't_Work_for_Complex_Issues""]",,,['Not_Sure_or_No_Issues'],,,,,,,,['Other_Media_Generation'],,,
292,"['Easy_to_Use', 'Offers_a_Starting_Point', 'Faster_Development_or_Saves_Time']","[""AI_Doesn't_Understand_Problem"", 'Trained_on_Old_Data', 'Generates_Poor_Quality_Code']",,,['Generating_Synthetic_Data'],,,,,,,,,,,
293,"['Faster_Development_or_Saves_Time', 'Fewer_Bugs']","['Hallucinations', 'Verbose', 'Unhelpful_or_Broken_Generations']",,,['Not_Sure_or_No_Issues'],,,,,,,,,,,
294,['Faster_Development_or_Saves_Time'],['No_Gaps'],,,['Not_Concerned'],,,,,,,,,,,
295,['Faster_Development_or_Saves_Time'],"[""Doesn't_Follow_Instructions"", 'Unhelpful_or_Broken_Generations']",,,['Not_Sure_or_No_Issues'],,,,,,,,,,,
296,['Experimenting'],"[""Doesn't_Work_for_Complex_Issues"", ""Models_Don't_Learn"", 'Context_Window']",,,"['Authoring', 'Other_Media_Generation']",,,,,,,,,,,
297,"['Writing_Basic_Code_Snippets', 'Faster_Development_or_Saves_Time']","['Generates_Buggy_Code', 'Unhelpful_or_Broken_Generations']",,"['Unexpected_Code_Behavior', 'Sensitive_Information_or_IP']","['Testing', 'UI_Related']",,,,,,,,,,,
298,['Faster_Development_or_Saves_Time'],"[""Generated_Code_Doesn't_Fit_Project""]",,,['Reverse_Engineering'],,,,,,,,,,,
299,"['Experimenting', 'Quicker_Iterations', 'Quality_Assurance', 'Faster_Development_or_Saves_Time']","['Generates_Poor_Quality_Code', 'Have_to_Review_Carefully']",,,['Penetration_Testing'],,,,,,,,,,,
300,"[""Don't_Have_To_Read_Documentation"", 'Writing_Basic_Code_Snippets', 'Faster_Configuring_of_Projects', 'Provide_Reference_or_Learning']","['Hallucinations', 'Ambiguities', 'Unfounded_Confidence', ""Doesn't_Work_For_Less_Popular_Libraries"", ""Can't_Provide_Sources""]",,,"['Architecture_Design', 'Patents']",,,,,,,,,,,
302,"['Pair_Programming', 'Faster_Configuring_of_Projects']","['Unhelpful_or_Broken_Generations', 'Developer_Experience_Problems', 'Generates_Buggy_Code']",,,"['Documentation', 'Other_Media_Generation', 'Generating_Synthetic_Data']",,,,,,,,,,,
303,"['Offers_a_Starting_Point', 'Provide_Reference_or_Learning', 'Brainstorming', 'Generating_Test_Cases', 'Faster_Development_or_Saves_Time', 'Writing_Basic_Code_Snippets']","['Must_Use_Good_Prompts', 'Trying_Different_Prompts', ""Can't_Automate_End_to_End_Process"", ""Can't_Rely_On_AI_Fully"", ""AI_Doesn't_Understand_Problem"", 'Hallucinations']",,,"['Architecture_Design', 'Other_Media_Generation']",,,,,,,,,,,
304,"['Prototyping_or_Skeleton', 'Faster_Development_or_Saves_Time']",['Lack_of_Wider_Context'],,,['Requirements'],,,,,,,,,,,
306,"['Generating_Test_Cases', 'Performing_Repetitive_Tasks', 'Prototyping_or_Skeleton']","['Unhelpful_or_Broken_Generations', 'Inconsistent_Results', 'No_Control_Over_Result']",,,['Patents'],,,,,,,,,,,
307,['Faster_Development_or_Saves_Time'],"['Hallucinations', 'Subtle_or_Hidden_Errors', 'Time_Consuming_to_Fix_Code']",,,['Not_Sure_or_No_Issues'],,,,,,,,,,,
308,"['Provide_Reference_or_Learning', 'Great_For_Non_SW_Engineers']",['Hurts_Developer_Skills'],,,"['All_Tasks', 'Decision_Making']",,,,,,,,,,,
310,['Faster_Development_or_Saves_Time'],['Unhelpful_or_Broken_Generations'],,,['Content_Copyrights'],,,,,,,,,,,
311,"['Develop_in_Unfamiliar_Languages', 'Can_Explain_or_Summarize_Code']","['Generic_Generations', 'Generates_Buggy_Code', 'Unhelpful_or_Broken_Generations']",,,"['UI_Related', 'Other_Media_Generation']",,,,,,,,,,,
312,"['Prototyping_or_Skeleton', 'Writing_Basic_Code_Snippets', 'Develop_in_Unfamiliar_Languages']",['Unhelpful_or_Broken_Generations'],,['Sensitive_Information_or_IP'],['Not_Sure_or_No_Issues'],,,,,,,,,,,
313,['Offers_New_Perspective_or_Insight'],"['Have_to_Review_Carefully', 'Context_Window']",,,"['Authoring', 'Other_Media_Generation']",,,,,,,,,,,
314,"['Prototyping_or_Skeleton', 'Documentation', 'Allows_to_Shift_Focus']","['Unhelpful_or_Broken_Generations', 'Edge_Cases', ""Doesn't_Work_for_Complex_Issues"", ""Generated_Code_Doesn't_Fit_Project"", ""AI_Doesn't_Understand_Problem""]",,"['Sensitive_Information_or_IP', 'Legal_Risk', 'Security']","['License_Compliance', 'Testing', 'Code_Reviews', 'Product_Liability']",,,,,,,,,,,
315,"['Faster_Development_or_Saves_Time', 'Can_Explain_or_Summarize_Code']",['No_Gaps'],,,"['UI_Related', 'Documentation']",,,,,,,,,,,
316,['Writing_Basic_Code_Snippets'],"['Suggestions_Are_Not_Optimal', 'Trained_on_Old_Data']",,,['Not_Sure_or_No_Issues'],,,,,,,,,,,
317,['Provide_Reference_or_Learning'],['Unhelpful_or_Broken_Generations'],,,['Not_Sure_or_No_Issues'],,,,,,,,,,,
319,['Bad_Answer'],"[""Can't_Automate_End_to_End_Process"", 'Generates_Poor_Quality_Code', ""Can't_Rely_On_AI_Fully"", ""Doesn't_Work_for_Complex_Issues"", ""Doesn't_Work_For_Less_Popular_Libraries""]",,,['Not_Sure_or_No_Issues'],,,,,,,,,,,
321,"['Accuracy', 'Eliminates_Scope_Creep', 'Improve_Code_Quality']","['Multiple_Generations', 'Inconsistent_Results', 'Trying_Different_Prompts', 'Hallucinations']",,,['Not_Sure_or_No_Issues'],,,,,,,,,,,
322,,,['Paywall'],,['Not_Sure_or_No_Issues'],,,,,,,,,,,
323,"['Reduce_Burden_of_Context_Switching', 'Brainstorming', 'Offers_a_Starting_Point']",['No_Gaps'],,,['Plagiarism_and_Imitation'],,,,,,,,,,,
324,,,['Still_Have_to_Check_Code'],['Sensitive_Information_or_IP'],"['Authoring', 'Other_Media_Generation']",,,,,,,,,,,
325,"['Faster_Development_or_Saves_Time', 'Increased_Final_Product_Quality']","['Long_Prompts', ""AI_Doesn't_Understand_Problem""]",,,"['Not_Concerned', 'Not_Sure_or_No_Issues']",,,,,,,,,,,
326,"[""Don't_Have_To_Read_Documentation"", 'Faster_Development_or_Saves_Time', 'Develop_with_Unfamiliar_Libraries']","['Unhelpful_or_Broken_Generations', 'Subtle_or_Hidden_Errors', ""Doesn't_Work_For_Usecase""]",,,['Patents'],,,,,,,,,,,
327,['Quicker_Iterations'],"['Inconsistent_Results', 'Unhelpful_or_Broken_Generations']",,,['No_Response'],,,,,,,,,,,
328,"['Performing_Repetitive_Tasks', 'Writing_Basic_Code_Snippets']",['Have_to_Review_Carefully'],,,['Not_Sure_or_No_Issues'],,,,,,,,,,,
329,"[""Don't_Have_To_Read_Documentation"", 'Provide_Reference_or_Learning', 'Develop_with_Unfamiliar_Libraries']","[""Doesn't_Follow_Best_Practices"", 'Unhelpful_or_Broken_Generations']",,,['No_Lawyers_Until_Tech_Matures'],,,,,,,,,,,
330,"['Less_Manual_Labor', 'Faster_Development_or_Saves_Time']","[""Doesn't_Work_for_Complex_Issues"", ""AI_Doesn't_Understand_Problem""]",,,['Not_Sure_or_No_Issues'],,,,,,,,,,,
332,"['Faster_Development_or_Saves_Time', 'Refactoring_Code']","['Lack_of_Wider_Context', ""Doesn't_Work_for_Complex_Issues"", 'Hallucinations']",,,['Not_Sure_or_No_Issues'],,,,,,,,,,,
333,"['Generating_Test_Cases', 'Faster_Development_or_Saves_Time', 'Prototyping_or_Skeleton']","[""Doesn't_Work_For_Less_Popular_Libraries""]",,,"['Misleading_Content', 'Legal_Practice']",,,,,,,,,,,
334,"['Writing_Basic_Code_Snippets', 'Documentation']","['Lack_of_Creativity', 'Produces_Redundant_or_Repetitive_Code']",,,['Other_Media_Generation'],,,,,,,,,,,
335,"['Reduced_Cognitive_Load', 'Faster_Development_or_Saves_Time']",['Must_Use_Good_Prompts'],,,['Other_Media_Generation'],,,,,,,,,,,
336,,,"['Legal_Risks', 'Low_Trust']",,['Legal_Issues_Surrounding_Training_Data'],,,,,,,,,,,
337,"['Faster_Development_or_Saves_Time', 'Understanding_Errors', 'Develop_in_Unfamiliar_Languages']","['Network_Issues', 'Developer_Experience_Problems']",,,['References_Firm_Company_Or_Name'],,,,,,,,,,,
338,['Quicker_Iterations'],['Generates_Buggy_Code'],,,['Code_Repair'],,,,,,,,,,,
339,,,"['Still_Have_to_Check_Code', 'Prefer_to_Code_Themself']",,['Not_Sure_or_No_Issues'],,,,,,,,,,,
340,"['Provide_Reference_or_Learning', ""Don't_Have_To_Read_Documentation"", 'Faster_Development_or_Saves_Time']","['Confused', 'Blackbox_Problem', 'Learning_Curve']",,,['Other_Media_Generation'],,,,,,,,,,,
341,"['Faster_Development_or_Saves_Time', 'Pair_Programming']","['Off_Topic', 'Hurts_Developer_Skills', 'Speed', 'Introduces_Code_Smells']",,,"['Information_Leaks', 'Generating_Malicious_Content']",,,,,,,,,,,
342,"['Provide_Inspiration', 'Faster_Development_or_Saves_Time', 'Offers_New_Perspective_or_Insight', 'Writing_Basic_Code_Snippets']","['Off_Topic', 'Unhelpful_or_Broken_Generations']",,,['Not_Sure_or_No_Issues'],,,,,,,,,,,
343,"['Documentation', 'Generating_Test_Cases', 'Automate_Tasks', 'Standard_and_Consistent_Code', 'Create_Incident_Playbooks', 'Optimize_Existing_Solutions']","[""AI_Doesn't_Understand_Problem"", 'Domain_Issues', 'Not_for_Critical_Systems', 'Subtle_or_Hidden_Errors']",,,['Not_Sure_or_No_Issues'],,,,,,,,,,,
345,"['Provide_Reference_or_Learning', 'Architecture_and_System_Design', 'Faster_Development_or_Saves_Time', 'Auto_Completion', 'Develop_with_Unfamiliar_Libraries', 'Writing_SQL_Queries']",['Unhelpful_or_Broken_Generations'],,,['Not_Sure_or_No_Issues'],,,,,,,,,,,
346,,,,,,,,,,,,,,,,
347,"['Debugging', 'Faster_Development_or_Saves_Time']","['Needlessly_Complex_Solution', 'Subtle_or_Hidden_Errors']",,,"['Security_Issues_in_Generated_Code', 'Liability_for_Generated_Bugs_and_Defects']",,,,,,,,,,,
348,"['Workflow_Improvements', 'Quicker_Iterations']",['Generates_Poor_Quality_Code'],,,['Not_Sure_or_No_Issues'],,,,,,,,,,,
350,"['Provide_Reference_or_Learning', 'Generating_Test_Cases', 'Less_Typing', 'Faster_Development_or_Saves_Time', 'Auto_Completion']",['Have_to_Review_Carefully'],,,['Information_Leaks'],,,,,,,,,,,
352,['Documentation'],"['Unhelpful_or_Broken_Generations', 'Poor_Training_Data']",,,"['Testing', 'Reverse_Engineering', 'Hacking', 'Jail_Breaking', 'Continuous_Integration']",,,,,,,,,,,
353,['Helps_when_Stuck'],['Unhelpful_or_Broken_Generations'],,,['Other_Media_Generation'],,,,,,,,,,,
354,"['Performing_Repetitive_Tasks', 'Develop_with_Unfamiliar_Libraries', 'Writing_Basic_Code_Snippets']","['Context_Window', ""AI_Doesn't_Understand_Problem""]",,,['Other_Media_Generation'],,,,,,,,,,,
355,"['Writing_Basic_Code_Snippets', 'Documentation', 'Faster_Development_or_Saves_Time']","['Must_Be_Able_to_Verify', 'Time_Consuming_to_Fix_Code', 'No_Way_to_Partially_Accept_Solutions']",,,"['Workflow_Generation', 'Architecture_Design']",,,,,,,,,,,
356,,,,,,,,,,,,,,,,
361,"['Fewer_Bugs', 'Debugging', 'Faster_Development_or_Saves_Time']","['Multiple_Generations', 'Trying_Different_Prompts']",,,['Not_Sure_or_No_Issues'],,,,,,,,,,,
362,"['Allows_to_Shift_Focus', 'Develop_in_Unfamiliar_Languages']",['Trained_on_Old_Data'],,,"['Generating_Synthetic_Data', 'Other_Media_Generation']",,,,,,,,,,,
363,"['Offers_a_Starting_Point', 'Provide_Reference_or_Learning', 'Lowers_Barrier_to_Entry']","[""Doesn't_Work_for_Complex_Issues"", 'Context_Window']",,,['Bad_Answer'],,,,,,,,,,,
364,"['Allows_to_Shift_Focus', 'Faster_Development_or_Saves_Time', 'Experimenting', 'Documentation', 'Prototyping_or_Skeleton', 'Writing_Basic_Code_Snippets']","['Have_to_Review_Carefully', 'Unhelpful_or_Broken_Generations', 'Security', 'Lack_of_Wider_Context', ""AI_Doesn't_Understand_Problem""]",,,"['Penetration_Testing', 'Data_Privacy', 'AI_Security_Audits', 'Information_Leaks', 'License_Compliance']",,,,,,,,,,,
365,"['Faster_Development_or_Saves_Time', 'Provide_Reference_or_Learning']",['Hallucinations'],,,['Other_Media_Generation'],,,,,,,,,,,
368,"['Faster_Development_or_Saves_Time', 'Fewer_Bugs']",['Context_Window'],,,['Not_Sure_or_No_Issues'],,,,,,,,,,,
369,['Makes_Certain_Tasks_Easier'],"[""Doesn't_Work_For_Usecase""]",,,['Not_Sure_or_No_Issues'],,,,,,,,,,,
370,"['Less_Typing', 'Faster_Development_or_Saves_Time']",['Garbage_in_Garbage_Out'],,,['All_Tasks'],,,,,,,,,,,
371,"['Provide_Reference_or_Learning', 'Offers_a_Starting_Point']","['Lack_of_Wider_Context', ""Doesn't_Work_for_Complex_Issues""]",,,['Generating_Malicious_Content'],,,,,,,,,,,
372,"['Provide_Reference_or_Learning', 'Develop_with_Unfamiliar_Libraries', 'Faster_Development_or_Saves_Time']","['Context_Window', 'Problems_That_Span_Files', 'Lack_of_Wider_Context']",,['Security'],['Cloud_Infrastructure'],,,,,,,,,,,
375,"['Brainstorming', 'Debugging', 'Quicker_Iterations']","['Unhelpful_or_Broken_Generations', 'Trained_on_Old_Data', 'Context_Window', 'Generates_Buggy_Code']",,,['UI_Related'],,,,,,,,,,,
376,"['Performing_Repetitive_Tasks', 'Auto_Completion', 'Generating_Test_Cases', 'Faster_Development_or_Saves_Time']",['Hallucinations'],,,"['Other_Media_Generation', 'Attribution', 'Plagiarism_and_Imitation', 'All_Tasks', 'The_Law_Will_Change']",,,,,,,,,,,
377,,,,,,,,,,,,,,,,
378,"['Refactoring_Code', 'Optimize_Existing_Solutions', 'Provide_Reference_or_Learning', 'Increased_Understanding']","['Trained_on_Old_Data', 'Must_Use_Good_Prompts']",,,['Jail_Breaking_LLMs'],,,,,,,,,,,
379,['Writing_Basic_Code_Snippets'],"[""AI_Doesn't_Understand_Problem""]",,,['Legal_Practice'],,,,,,,,,,,
380,"['Less_Manual_Labor', 'Faster_Development_or_Saves_Time']","['Context_Window', 'Edge_Cases']",,,"['Generation_of_Legal_Documents', 'Generating_Licenses']",,,,,,,,,,,
382,,,"['Not_Mature_Enough', 'No_Usecase_or_Not_Useful']",,['Reverse_Engineering'],,,,,,,,,,,
386,,,,,,,,,,,,,,,,
387,"['Writing_Basic_Code_Snippets', 'Develop_with_Unfamiliar_Libraries']","['Generates_Buggy_Code', 'Unhelpful_or_Broken_Generations']",,,['Not_Sure_or_No_Issues'],,,,,,,,,,,
388,"['Prototyping_or_Skeleton', 'Accuracy']","['Generates_Buggy_Code', 'Trying_Different_Prompts', 'Not_Good_at_UI', 'Unhelpful_or_Broken_Generations', 'Multiple_Generations']",,,"['DevOps', 'Version_Control_Related']",,,,,,,,,,,
390,"['Writing_Basic_Code_Snippets', 'Faster_Development_or_Saves_Time']",['Trained_on_Old_Data'],,,['Not_Sure_or_No_Issues'],,,,,,,,,,,
391,"['Generating_Test_Cases', 'Error_Detection', 'Faster_Development_or_Saves_Time']","[""Doesn't_Work_For_Less_Popular_Libraries"", 'Requires_Manual_Edits', 'Generates_Buggy_Code']",,,"['Information_Leaks', 'Plagiarism_and_Imitation']",,,,,,,,,,,
392,['Prototyping_or_Skeleton'],"['Trained_on_Old_Data', 'Lack_of_Wider_Context']",,,['Issue_Triage'],,,,,,,,,,,
393,,,"['Prefer_to_Code_Themself', 'Takes_the_Fun_Out_of_Coding', 'Not_Good_for_Complex_Problems', ""Doesn't_Work_For_Use_Case""]",,['Hacking'],,,,,,,,,,,
394,"['Faster_Development_or_Saves_Time', 'Develop_in_Unfamiliar_Languages']","['Hurts_Developer_Skills', 'Inconsistent_Results', 'Threat_to_Learning', 'Unhelpful_or_Broken_Generations']",,,"['Other_Media_Generation', 'Authoring', 'Not_Sure_or_No_Issues']",,,,,,,,,,,
395,"['Provide_Reference_or_Learning', 'Writing_Basic_Code_Snippets', 'Documentation']","['Hallucinations', 'Inconsistent_Results', 'Lack_of_Wider_Context']",,,['Security_Issues_in_Generated_Code'],,,,,,,,,,,
397,['Offers_New_Perspective_or_Insight'],"['Multiple_Generations', 'Unhelpful_or_Broken_Generations', 'Trying_Different_Prompts']",,,"['Citing_of_Sources', 'Information_Leaks', 'Attribution']",,,,,,,,,,,
398,"['Writing_Basic_Code_Snippets', 'Faster_Development_or_Saves_Time']","[""Can't_Automate_End_to_End_Process"", 'Unhelpful_or_Broken_Generations']",,,"['Security_Issues_in_Generated_Code', 'Liability_for_Generated_Bugs_and_Defects']",,,,,,,,,,,
399,['Faster_Development_or_Saves_Time'],['Not_Good_at_UI'],,,"['Chatbots', 'Generating_Malicious_Content']",,,,,,,,,,,
401,['Faster_Development_or_Saves_Time'],['Verbose'],,,"['Generating_Malicious_Content', 'Other_Media_Generation']",,,,,,,,,,,
403,['Prototyping_or_Skeleton'],"[""AI_Doesn't_Understand_Problem"", 'Reasoning_Skills']",,['Standards'],['Not_Sure_or_No_Issues'],,,,,,,,,,,
404,"['Architecture_and_System_Design', 'Explain_Concepts', 'Helps_Solve_Complex_Problems']","['Have_to_Review_Carefully', 'Needlessly_Complex_Solution']",,,['Legal_Issues_Surrounding_Training_Data'],,,,,,,,,,,
405,"['Prototyping_or_Skeleton', 'Documentation']","[""Can't_Automate_End_to_End_Process""]",,,"['All_Tasks', 'Other_Media_Generation', 'UI_Related']",,,,,,,,,,,
406,"['Faster_Development_or_Saves_Time', 'Reduce_Burden_of_Context_Switching']","['Unhelpful_or_Broken_Generations', 'Have_to_Review_Carefully']",,,"['All_Tasks', 'Plagiarism_and_Imitation', 'Testing', 'Documentation']",,,,,,,,,,,
407,"['Performing_Repetitive_Tasks', 'Allows_to_Shift_Focus']","[""Can't_Automate_End_to_End_Process""]",,,"['Generating_Poor_Quality_Code', 'Generation_of_Legal_Documents']",,,,,,,,,,,
408,"['Detection_of_Edge_Cases', 'Generating_Test_Cases', 'Prototyping_or_Skeleton', ""Don't_Have_To_Read_Documentation""]","['Circular_Conversations', 'Suggestions_Are_Not_Optimal', 'Trained_on_Old_Data']",,,"['UI_Related', 'Generating_Copyrighted_Content', 'Plagiarism_and_Imitation', 'Reverse_Engineering']",,,,,,,,,,,
409,"['Increased_Understanding', 'Writing_Basic_Code_Snippets', 'Brainstorming']","['Context_Window', 'Must_Use_Good_Prompts', 'Unhelpful_or_Broken_Generations']",,,"['Generating_Copyrighted_Content', 'Architecture_Design']",,,,,,,,,,,
410,"['Increased_Understanding', 'Writing_Basic_Code_Snippets']","['Unhelpful_or_Broken_Generations', 'Unfounded_Confidence', 'Hallucinations']",,,['Not_Sure_or_No_Issues'],,,,,,,,,,,
411,"['Provide_Inspiration', 'Faster_Development_or_Saves_Time', 'Offers_New_Perspective_or_Insight', 'Develop_with_Unfamiliar_Libraries', 'Writing_Basic_Code_Snippets']","['Trained_on_Old_Data', 'Unhelpful_or_Broken_Generations', ""Doesn't_Follow_Best_Practices""]",,,"['Other_Media_Generation', 'Impersonation', 'Generating_Malicious_Content', 'SEO_Hacking']",,,,,,,,,,,
412,['Faster_Development_or_Saves_Time'],['Not_Good_For_Debugging'],,,['Other_Media_Generation'],,,,,,,,,,,
413,"['Getting_Alternatives', 'Develop_with_Unfamiliar_Libraries', 'Faster_Development_or_Saves_Time', 'Provide_Reference_or_Learning']","['Unhelpful_or_Broken_Generations', 'Hardware_Related_Issues']",,,"['Generating_Poor_Quality_Code', 'Information_Leaks']",,,,,,,,,,,
414,"['Understanding_Use_Cases', 'Debugging', 'Develop_in_Unfamiliar_Languages', 'Provide_Reference_or_Learning']","[""Can't_Automate_End_to_End_Process"", ""Doesn't_Work_for_Complex_Issues""]",,,"['Reverse_Engineering', 'Debugging']",,,,,,,,,,,
415,"['Can_Explain_or_Summarize_Code', 'Faster_Development_or_Saves_Time']",['Unhelpful_or_Broken_Generations'],,,['Information_Leaks'],,,,,,,,,,,
416,['Faster_Development_or_Saves_Time'],['Lack_of_Wider_Context'],,,"['All_Tasks', 'Lawyers_Will_Decide']",,,,,,,,,,,
418,"['Domain_Logic_Support', 'Like_a_Secretary']",['Censored'],,,['Lawyers_Will_Decide'],,,,,,,,,,,
419,"['Accuracy', 'Faster_Development_or_Saves_Time']",['Not_Good_For_Debugging'],,,['Other_Media_Generation'],,,,,,,,,,,
420,"['Faster_Development_or_Saves_Time', 'Experimenting']","[""Doesn't_Follow_Instructions"", 'Unhelpful_or_Broken_Generations']",,,['UI_Related'],,,,,,,,,,,
422,"['Writing_Basic_Code_Snippets', 'Offers_New_Perspective_or_Insight', 'Auto_Completion']","[""Doesn't_Work_For_Less_Popular_Libraries"", 'Hallucinations']",,,['No_Response'],,,,,,,,,,,
423,"['Provide_Inspiration', 'Offers_New_Perspective_or_Insight']","[""AI_Doesn't_Understand_Problem""]",,,['Generating_Malicious_Content'],,,,,,,,,,,
424,"['Reproducibility', 'Faster_Development_or_Saves_Time']",['Inconsistent_Results'],,,['Break_Standards_and_Regulations'],,,,,,,,,,,
426,"['Develop_in_Unfamiliar_Languages', 'Develop_with_Unfamiliar_Libraries']",['Requires_Manual_Edits'],,,['Not_Sure_or_No_Issues'],,,,,,,,,,,
427,['Performing_Repetitive_Tasks'],"['Cost', 'Privacy']",,,['Generating_Copyrighted_Content'],,,,,,,,,,,
428,"['Auto_Completion', 'Faster_Development_or_Saves_Time']","[""Doesn't_Work_for_Complex_Issues""]",,,"['Generating_Use_Cases', 'Workflow_Generation', 'Documentation']",,,,,,,,,,,
429,['Faster_Development_or_Saves_Time'],"[""Doesn't_Follow_Instructions"", 'Unhelpful_or_Broken_Generations']",,,"['Right_of_Removal', ""Generated_Content_Can't_Be_Copyrighted""]",,,,,,,,,,,
430,"['Safe_and_Secure', 'Helps_Solve_Complex_Problems', 'Improve_Code_Quality', 'Faster_Development_or_Saves_Time']","['Not_Smart_Enough', 'Speed']",,,['The_Future_is_Now'],,,,,,,,,,,
431,"['Automate_Tasks', 'Performing_Repetitive_Tasks', 'Writing_Basic_Code_Snippets', 'Faster_Development_or_Saves_Time']","['Have_to_Review_Carefully', ""Can't_Rely_On_AI_Fully"", 'Security', 'Generates_Buggy_Code']",,,"['Ownership', 'Legal_Issues_Surrounding_Training_Data', 'All_Tasks', 'Other_Media_Generation']",,,,,,,,,,,
432,['Faster_Development_or_Saves_Time'],['Must_Use_Good_Prompts'],,,['Infrastructure_as_Code'],,,,,,,,,,,
433,"['Easy_to_Use', 'Develop_in_Unfamiliar_Languages', 'Develop_with_Unfamiliar_Libraries']","['Subtle_or_Hidden_Errors', 'Trained_on_Old_Data']",,,"['Legal_Issues_Surrounding_Training_Data', 'Other_Media_Generation']",,,,,,,,,,,
434,"['Less_Manual_Labor', 'Writing_Basic_Code_Snippets']","[""Doesn't_Work_for_Complex_Issues"", 'Privacy']",,,"['Other_Media_Generation', 'Testing', 'Generating_Synthetic_Data']",,,,,,,,,,,
437,['Developer_Experience'],"['Requires_Manual_Edits', 'Generates_Buggy_Code']",,,['Not_Concerned'],,,,,,,,,,,
438,['Faster_Development_or_Saves_Time'],['Hallucinations'],,,['Not_Sure_or_No_Issues'],,,,,,,,,,,
439,"['Debugging', 'Increased_Understanding', 'Faster_Development_or_Saves_Time']",['No_Gaps'],,,"['Impersonation', 'Other_Media_Generation']",,,,,,,,,,,
440,"['Faster_Development_or_Saves_Time', 'Modularity']",['Have_to_Onboard_AI'],,,['Not_Sure_or_No_Issues'],,,,,,,,,,,
441,['Can_Explain_or_Summarize_Code'],"['Generates_Poor_Quality_Code', 'Unhelpful_or_Broken_Generations']",,,['Other_Media_Generation'],,,,,,,,,,,
442,"['Faster_Development_or_Saves_Time', 'Fewer_Bugs']",['Availability'],,,['Not_Sure_or_No_Issues'],,,,,,,,,,,
443,['Faster_Development_or_Saves_Time'],"[""Doesn't_Work_For_Usecase""]",,,"['Authoring', 'Education', 'Chatbots']",,,,,,,,,,,
444,['Faster_Development_or_Saves_Time'],['Increases_Technical_Debt'],,,"['Generation_of_SDKs', 'Testing']",,,,,,,,,,,
445,['Writing_Basic_Code_Snippets'],['Hallucinations'],,,"['Authoring', 'Other_Media_Generation']",,,,,,,,,,,
447,,,['Employer'],,"['Information_Leaks', 'Security_Issues_in_Generated_Code']",,,,,,,,,,,
448,['Can_Explain_or_Summarize_Code'],"['Must_Use_Good_Prompts', 'Suggestions_Are_Not_Optimal']",,,['Evasive_Tools'],,,,,,,,,,,
449,"[""Don't_Have_To_Read_Documentation"", 'Allows_to_Shift_Focus', 'Faster_Development_or_Saves_Time']","[""Doesn't_Work_For_Less_Popular_Libraries""]",,,"['UI_Related', 'Other_Media_Generation']",,,,,,,,,,,
450,"['Debugging', 'Faster_Development_or_Saves_Time', 'Develop_in_Unfamiliar_Languages']",['Lack_of_Wider_Context'],,,['Not_Sure_or_No_Issues'],,,,,,,,,,,
451,"['Library_Selection', 'Getting_Alternatives', 'Faster_Development_or_Saves_Time']","[""AI_Doesn't_Understand_Problem"", ""Doesn't_Follow_Best_Practices"", 'Generates_Buggy_Code']",,,"['Legal_Practice', 'Other_Media_Generation']",,,,,,,,,,,
452,['Can_Explain_or_Summarize_Code'],"[""Can't_Automate_End_to_End_Process"", 'Inconsistent_Results']",,,['Not_Sure_or_No_Issues'],,,,,,,,,,,
454,"['Getting_Alternatives', 'Improve_Code_Quality', 'Helps_when_Stuck']","[""Doesn't_Follow_Instructions"", 'Availability']",,,['Chatbots'],,,,,,,,,,,
455,['Offers_a_Starting_Point'],"['Trained_on_Old_Data', 'Hallucinations']",,,"['Configuration', 'Infrastructure_as_Code']",,,,,,,,,,,
456,"['Detection_of_Edge_Cases', ""Don't_Have_To_Read_Documentation""]","['Hallucinations', 'Context_Window', 'Censored', 'Must_Use_Good_Prompts']",,,"['Liability_For_AI_Agent_Actions', 'Security_Issues_in_Generated_Code', 'Prompt_Injection_Attacks']",,,,,,,,,,,
457,"['Allows_to_Shift_Focus', 'Documentation']","['Have_to_Review_Carefully', 'No_Gaps']",,,"['Patents', 'Prototyping', 'UI_Related', 'Architecture_Design']",,,,,,,,,,,
458,,,"['Hallucinations', 'Low_Trust']",,['Not_Sure_or_No_Issues'],,,,,,,,,,,
460,"['Generating_Test_Cases', 'Remember_Features_of_Code']","[""Can't_Automate_End_to_End_Process"", ""Doesn't_Work_for_Complex_Issues"", 'Unhelpful_or_Broken_Generations']",,,"['Generating_Synthetic_Data', 'Use_of_Input_to_Train_Model']",,,,,,,,,,,
461,"['Writing_Basic_Code_Snippets', 'Offers_a_Starting_Point', 'Faster_Development_or_Saves_Time', 'Allows_to_Shift_Focus']",['No_Gaps'],,,['Not_Sure_or_No_Issues'],,,,,,,,,,,
464,,,"[""Haven't_Incorporated_Yet""]",,"['Bias', 'Security_Issues_in_Generated_Code']",,,,,,,,,,,
465,"['Provide_Reference_or_Learning', 'Prototyping_or_Skeleton']","[""Can't_Rely_On_AI_Fully"", ""AI_Doesn't_Understand_Problem""]",,,['Documentation'],,,,,,,,,,,
466,"['Improve_Code_Quality', 'Workflow_Improvements', 'Faster_Development_or_Saves_Time']","['Time_Consuming_to_Prompt', 'Context_Window', 'Must_Use_Good_Prompts']",,,"['Generating_Synthetic_Data', 'Testing']",,,,,,,,,,,
468,,,,,,,,,,,,,,,,
469,,,['Employer'],,"['Attribution', 'Legal_Issues_Surrounding_Training_Data']",,,,,,,,,,,
475,['Faster_Development_or_Saves_Time'],"[""Doesn't_Work_for_Complex_Issues"", 'No_Control_Over_Result']",,,['Use_of_Proprietary_API_or_Systems'],,,,,,,,,,,
478,"['Allows_to_Shift_Focus', 'Generating_Test_Cases', 'Faster_Development_or_Saves_Time', 'Generating_Test_Data']","['Lack_of_Wider_Context', 'Requires_Manual_Edits', 'Blind_Trust']",,,['Use_of_Input_to_Train_Model'],,,,,,,,,,,
481,"['Faster_Development_or_Saves_Time', 'Provide_Reference_or_Learning']","['Young_Technology', ""Can't_Rely_On_AI_Fully"", ""AI_Doesn't_Understand_Problem"", 'Must_Use_Good_Prompts']",,,['Not_Sure_or_No_Issues'],,,,,,,,,,,
482,"['Faster_Development_or_Saves_Time', 'Brainstorming', ""Don't_Have_To_Read_Documentation""]","['Unhelpful_or_Broken_Generations', 'Lack_of_Wider_Context']",,,['Generating_Malicious_Content'],,,,,,,,,,,
486,,,,,,,,,,,,,,,,
488,"['Develop_with_Unfamiliar_Libraries', 'Faster_Development_or_Saves_Time']","['Context_Window', 'Trained_on_Old_Data', ""Doesn't_Work_For_Less_Popular_Libraries""]",,,['Liability_For_AI_Agent_Actions'],,,,,,,,,,,
489,['Faster_Development_or_Saves_Time'],['Hallucinations'],,,"['Other_Media_Generation', 'Ownership', 'Generating_Malicious_Content']",,,,,,,,,,,
490,['Bad_Answer'],['Context_Window'],,['Bad_Answer'],['Not_Sure_or_No_Issues'],,,,,,,,,,,
491,['Faster_Development_or_Saves_Time'],['Produces_Redundant_or_Repetitive_Code'],,,['Not_Sure_or_No_Issues'],,,,,,,,,,,
492,"['Debugging', 'Porting_or_Translating_Code', 'Documentation']",['No_Gaps'],,,['UI_Related'],,,,,,,,,,,
494,"['Debugging', 'Faster_Development_or_Saves_Time', 'Offers_New_Perspective_or_Insight', 'Prototyping_or_Skeleton']","[""Doesn't_Work_for_Complex_Issues"", 'Not_Good_with_Math', 'Unhelpful_or_Broken_Generations']",,,['Liability_for_Generated_Bugs_and_Defects'],,,,,,,,,,,
495,"['Provide_Reference_or_Learning', 'Faster_Development_or_Saves_Time']","[""AI_Doesn't_Understand_Problem""]",,,['Not_Sure_or_No_Issues'],,,,,,,,,,,
496,"['Debugging', 'Develop_in_Unfamiliar_Languages', 'Offers_New_Perspective_or_Insight']",['Tools_are_Getting_Worse'],,,['Information_Leaks'],,,,,,,,,,,
497,,,['Still_Exploring_Technology'],"['Reliability', 'Quality', 'Sensitive_Information_or_IP']","['Legal_Issues_Surrounding_Training_Data', 'Bias', 'Using_Code_Correctly']",,,,,,,,,,,
498,"['Error_Detection', 'Refactoring_Code']",['Subtle_or_Hidden_Errors'],,,"['Testing', 'Refactoring']",,,,,,,,,,,
501,"['Offers_a_Starting_Point', 'Writing_Basic_Code_Snippets', 'Develop_in_Unfamiliar_Languages', 'Develop_with_Unfamiliar_Libraries']","[""Doesn't_Work_for_Complex_Issues"", 'Unfounded_Confidence', ""Doesn't_Follow_Instructions""]",,,"['Data_Privacy', 'Break_Standards_and_Regulations']",,,,,,,,,,,
502,"['Faster_Development_or_Saves_Time', 'Less_Typing']","['Context_Window', ""Models_Don't_Learn""]",,,['Not_Sure_or_No_Issues'],,,,,,,,,,,
503,['Faster_Development_or_Saves_Time'],['Unhelpful_or_Broken_Generations'],,,['UI_Related'],,,,,,,,,,,
505,['Writing_Basic_Code_Snippets'],"['Formatting_Issues', 'Unhelpful_or_Broken_Generations']",,,['Not_Sure_or_No_Issues'],,,,,,,,,,,
506,['Faster_Development_or_Saves_Time'],['Issues_with_Dimensionality'],,,"['Product_Liability', 'Not_Concerned']",,,,,,,,,,,
507,"['Provide_Reference_or_Learning', 'Faster_Development_or_Saves_Time', 'Develop_in_Unfamiliar_Languages', 'Performing_Repetitive_Tasks', 'Develop_with_Unfamiliar_Libraries', 'Quickly_Move_From_Idea_to_Product', 'Documentation']","[""Doesn't_Follow_Instructions"", 'Context_Window', 'Circular_Conversations']",,,"['Use_of_Input_to_Train_Model', 'Use_in_Critical_Systems', 'Legal_Issues_Surrounding_Training_Data']",,,,,,,,,,,
508,"['Fast_Schema_and_Requirements', 'Faster_Development_or_Saves_Time']",['Requires_Manual_Edits'],,,"['Generating_Substitutes', 'UI_Related']",,,,,,,,,,,
513,['Debugging'],"[""AI_Doesn't_Understand_Problem"", 'Lack_of_Wider_Context']",,,['UI_Related'],,,,,,,,,,,
514,['Provide_Reference_or_Learning'],"['Unhelpful_or_Broken_Generations', ""Can't_Rely_On_AI_Fully"", 'Hallucinations']",,,"['Generating_Malicious_Content', 'Other_Media_Generation']",,,,,,,,,,,
515,['Faster_Development_or_Saves_Time'],"['Keeping_AI_Tools_Updated', 'Developer_Experience_Problems']",,,['Not_Sure_or_No_Issues'],,,,,,,,,,,
516,"['Standard_and_Consistent_Code', 'Auto_Completion', 'Faster_Development_or_Saves_Time']",['Information_or_Data_Leaks'],,,"['Information_Leaks', 'Automated_Data_Analysis']",,,,,,,,,,,
518,['Prototyping_or_Skeleton'],"['Generates_Poor_Quality_Code', 'Requires_Manual_Edits', 'Have_to_Review_Carefully']",,,"['Not_Sure_or_No_Issues', 'Other_Media_Generation']",,,,,,,,,,,
519,"['Testing', 'Faster_Development_or_Saves_Time', 'Making_UI', 'Writing_Basic_Code_Snippets', 'Prototyping_or_Skeleton']","['Intrusive', 'Autocomplete_Issues']",,,"['Generation_of_Legal_Documents', 'UI_Related']",,,,,,,,,,,
520,['Documentation'],['Autocomplete_Issues'],,,['Product_Liability'],,,,,,,,,,,
521,['Faster_Development_or_Saves_Time'],['Licensing_Problems'],,,"['Refactoring', 'UI_Related', 'Testing']",,,,,,,,,,,
523,"['Faster_Development_or_Saves_Time', 'Depends_on_the_Language']","[""Can't_Provide_Sources"", ""Doesn't_Work_For_Less_Popular_Libraries"", 'Licensing_Problems', 'Generates_Poor_Quality_Code']",,,"['AI_Security_Audits', 'Code_Reviews', 'Issue_Triage']",,,,,,,,,,,
524,,,['Not_Enough_Technical_Knowledge'],,['Legal_Issues_Surrounding_Training_Data'],,,,,,,,,,,
525,"['Provide_Reference_or_Learning', 'Faster_Development_or_Saves_Time']","['Generates_Buggy_Code', 'Unhelpful_or_Broken_Generations']",,,['Plagiarism_and_Imitation'],,,,,,,,,,,
526,['Writing_Basic_Code_Snippets'],"['Hallucinations', 'Trained_on_Old_Data', 'Cost']",,,"['Unemployment', 'Other_Media_Generation']",,,,,,,,,,,
527,"['Develop_with_Unfamiliar_Libraries', 'Develop_in_Unfamiliar_Languages', 'Provide_Reference_or_Learning']","['Generates_Buggy_Code', 'Unhelpful_or_Broken_Generations', 'Have_to_Review_Carefully']",,,['Interpreting_Legal_Docs_or_Regulations'],,,,,,,,,,,
528,,,"['Incorrect_Code_Generations', 'Legal_Risks', 'Low_Trust']",,"['Generating_Specifications', 'Testing']",,,,,,,,,,,
529,,,"['Employer', 'Sending_Code_to_Remote']",,['Testing'],,,,,,,,,,,
530,"['Less_Manual_Labor', 'Develop_in_Unfamiliar_Languages', 'Develop_with_Unfamiliar_Libraries', 'Faster_Development_or_Saves_Time']","['Unhelpful_or_Broken_Generations', ""Doesn't_Work_For_Less_Popular_Libraries""]",,,['Lawyers_Will_Decide'],,,,,,,,,,,
532,['Faster_Development_or_Saves_Time'],"[""AI_Doesn't_Understand_Problem"", 'Lack_of_Wider_Context']",,,['Not_Sure_or_No_Issues'],,,,,,,,,,,
534,"['Provide_Reference_or_Learning', 'Faster_Development_or_Saves_Time', 'Develop_with_Unfamiliar_Libraries']","['Hurts_Developer_Skills', 'Generates_Buggy_Code']",,,['Not_Sure_or_No_Issues'],,,,,,,,,,,
536,"['Optimize_Existing_Solutions', 'Improve_Code_Quality', 'Faster_Development_or_Saves_Time', 'Fewer_Bugs']","['Not_Good_at_Documentation', 'Suggestions_Are_Not_Optimal', 'Generates_Poor_Quality_Code', 'Domain_Issues']",,,"['Product_Liability', 'Bias', 'Ownership', 'Data_Privacy', 'Security_Issues_in_Generated_Code', 'Break_Standards_and_Regulations', 'Transparency']",,,,,,,,,,,
540,,,"[""Doesn't_Work_For_Use_Case""]",,"['Debugging', 'Process_Management', 'Plagiarism_and_Imitation', 'Framework_Barriers']",,,,,,,,,,,
542,"['Offers_a_Starting_Point', 'Workflow_Improvements', 'Faster_Development_or_Saves_Time']","[""Doesn't_Work_for_Complex_Issues"", 'Formatting_Issues', 'Trained_on_Old_Data', 'Lack_of_Wider_Context']",,,"['Plagiarism_and_Imitation', 'Other_Media_Generation']",,,,,,,,,,,
543,"['Understanding_Use_Cases', 'Faster_Development_or_Saves_Time']","['Trying_Different_Prompts', 'Unhelpful_or_Broken_Generations', 'Trained_on_Old_Data', 'Produces_Redundant_or_Repetitive_Code']",,,['Other_Media_Generation'],,,,,,,,,,,
545,['Faster_Development_or_Saves_Time'],['Unhelpful_or_Broken_Generations'],,,"['Testing', 'Refactoring', 'Debugging']",,,,,,,,,,,
546,"['Faster_Development_or_Saves_Time', 'Allows_to_Shift_Focus', 'Documentation', 'Testing', 'Offers_a_Starting_Point']","['Blackbox_Problem', 'Problems_That_Span_Files', 'Backtracking', 'Subtle_or_Hidden_Errors']",,,"['Product_Liability', 'Legal_Issues_Surrounding_Training_Data', 'Data_Privacy', 'License_Compliance', 'Generating_Synthetic_Data']",,,,,,,,,,,
547,['Writing_Basic_Code_Snippets'],"[""AI_Doesn't_Understand_Problem""]",,,['Testing'],,,,,,,,,,,
550,"['Provide_Reference_or_Learning', 'Auto_Completion']","['Suggestions_Are_Not_Optimal', 'Generates_Poor_Quality_Code']",,,"['Legal_Issues_Surrounding_Training_Data', 'Data_Privacy', 'Security_Issues_in_Generated_Code']",,,,,,,,,,,
553,,,,,,,,,,,,,,,,
557,"['Faster_Development_or_Saves_Time', 'Writing_Basic_Code_Snippets', 'Provide_Reference_or_Learning']",['Unhelpful_or_Broken_Generations'],,,['Not_Sure_or_No_Issues'],,,,,,,,,,,
559,['Faster_Development_or_Saves_Time'],"[""AI_Doesn't_Understand_Problem"", 'Speed']",,,['Data_Privacy'],,,,,,,,,,,
561,"['Debugging', 'Can_Explain_or_Summarize_Code', 'Improve_Code_Quality', 'Provide_Reference_or_Learning']",['Unhelpful_or_Broken_Generations'],,,['Not_Sure_or_No_Issues'],,,,,,,,,,,
563,"['Workflow_Improvements', 'Faster_Development_or_Saves_Time', 'Fewer_Bugs']",['Unhelpful_or_Broken_Generations'],,,['Not_Sure_or_No_Issues'],,,,,,,,,,,
566,"['Making_UI', 'Faster_Development_or_Saves_Time', 'Brainstorming', 'Best_Practices', 'Auto_Completion', 'Prototyping_or_Skeleton']",['Context_Window'],,,['Not_Sure_or_No_Issues'],,,,,,,,,,,
568,"['Performing_Repetitive_Tasks', 'Faster_Development_or_Saves_Time']","[""Doesn't_Work_for_Complex_Issues""]",,,['All_Tasks'],,,,,,,,,,,
569,,,"['Legal_Risks', 'Bad_Publicity']",,"['Human_Resources', 'Bias']",,,,,,,,,,,
571,['Faster_Development_or_Saves_Time'],"['Unhelpful_or_Broken_Generations', 'Off_Topic']",,,"['Plagiarism_and_Imitation', 'Other_Media_Generation']",,,,,,,,,,,
573,"['Prototyping_or_Skeleton', 'Debugging']",['Requires_Manual_Edits'],,,['Bias'],,,,,,,,,,,
575,['Faster_Development_or_Saves_Time'],['Increases_Technical_Debt'],,,['Not_Sure_or_No_Issues'],,,,,,,,,,,
578,['Faster_Development_or_Saves_Time'],['Generates_Buggy_Code'],,,['Not_Sure_or_No_Issues'],,,,,,,,,,,
579,['Bad_Answer'],['Bad_Answer'],,,['Bad_Answer'],,,,,,,,,,,
582,['Safe_and_Secure'],['No_Gaps'],,,['Not_Sure_or_No_Issues'],,,,,,,,,,,
583,"['Generating_Test_Cases', 'Improve_Code_Quality', 'Best_Practices']","['Reasoning_Skills', 'Hallucinations', 'Privacy']",,,"['Data_Privacy', 'Information_Leaks']",,,,,,,,,,,
584,,,,,,,,,,,,,,,,
585,"['Getting_Alternatives', 'Improve_Code_Quality']","['Context_Window', ""Models_Don't_Learn"", 'Lack_of_Wider_Context']",,,['Information_Leaks'],,,,,,,,,,,
586,"['Provide_Reference_or_Learning', 'Faster_Development_or_Saves_Time', 'Detection_of_Edge_Cases']","['Generic_Generations', 'Lack_of_Wider_Context']",,,['Information_Leaks'],,,,,,,,,,,
587,"['Faster_Development_or_Saves_Time', 'Writing_Basic_Code_Snippets', 'Develop_with_Unfamiliar_Libraries']","[""AI_Doesn't_Understand_Problem"", 'Hallucinations']",,,['Product_Liability'],,,,,,,,,,,
591,"['Mistake_and_Typo_Correction', 'Getting_Alternatives', 'Writing_Basic_Code_Snippets', 'Debugging']",['Generic_Generations'],,,['Data_Modeling'],,,,,,,,,,,
593,"['Offers_a_Starting_Point', 'Faster_Development_or_Saves_Time', 'Gives_Advice']",['Generates_Poor_Quality_Code'],,,"['Lawyers_Will_Decide', 'All_Tasks']",,,,,,,,,,,
594,,,,,,,,,,,,,,,,
595,"['Architecture_and_System_Design', 'Offers_a_Starting_Point']",['Hallucinations'],,['Slow_to_Adopt'],['Bad_Answer'],,,,,,,,,,,
597,"['Provide_Reference_or_Learning', 'Gives_Advice', 'Faster_Development_or_Saves_Time', 'Documentation', 'Writing_Basic_Code_Snippets']","['Unhelpful_or_Broken_Generations', 'Requires_Manual_Edits']",,,"['Other_Media_Generation', 'Generation_of_Legal_Documents']",,,,,,,,,,,
599,"['Writing_Basic_Code_Snippets', 'Auto_Completion', ""Don't_Have_To_Read_Documentation"", 'Faster_Development_or_Saves_Time']","['Trained_on_Old_Data', 'Subtle_or_Hidden_Errors']",,,['Product_Liability'],,,,,,,,,,,
601,"['Automate_Tasks', 'Faster_Development_or_Saves_Time']","[""Doesn't_Work_for_Complex_Issues"", 'Context_Window']",,,['Product_Design'],,,,,,,,,,,
603,"['Easy_to_Use', 'Faster_Development_or_Saves_Time']","['Off_Topic', 'Unhelpful_or_Broken_Generations']",,,['Not_Sure_or_No_Issues'],,,,,,,,,,,
604,,,['Alternatives_are_Sufficient'],,['Human_Resources'],,,,,,,,,,,
607,"['Improve_Code_Quality', 'Writing_Regex', ""Don't_Have_To_Read_Documentation"", 'Faster_Development_or_Saves_Time']",['Unhelpful_or_Broken_Generations'],,"['May_Impact_Programmer_Skills', 'Legal_Risk']",['Toxic_Content'],,,,,,,,,,,
609,"['Understanding_Errors', 'Debugging', 'Faster_Development_or_Saves_Time']","['Formatting_Issues', 'Generates_Buggy_Code']",,,['Generating_Malicious_Content'],,,,,,,,,,,
613,"['Faster_Development_or_Saves_Time', 'Documentation', 'Allows_to_Shift_Focus', 'Refactoring_Code']","['Hallucinations', 'Long_Prompts']",,,['Not_Sure_or_No_Issues'],,,,,,,,,,,
614,['Adaptable'],"[""Models_Don't_Learn""]",,,['Not_Sure_or_No_Issues'],,,,,,,,,,,
617,"['Faster_Development_or_Saves_Time', 'Writing_Basic_Code_Snippets', 'Develop_in_Unfamiliar_Languages']","['Hard_to_Understand_Generated_Code', 'Lack_of_Wider_Context', 'Blind_Trust']",,,"['Plagiarism_and_Imitation', 'Other_Media_Generation', 'UI_Related']",,,,,,,,,,,
618,,,"['Prefer_to_Code_Themself', 'Intrusive', ""Doesn't_Add_Much_Value"", ""Doesn't_Want_to_Get_Rusty""]",,['Information_Leaks'],,,,,,,,,,,
619,"['Implementing_Algorithms', 'Provide_Reference_or_Learning', 'Writing_Basic_Code_Snippets']","[""Doesn't_Work_for_Complex_Issues"", ""Can't_Automate_End_to_End_Process""]",,,['Authoring'],,,,,,,,,,,
620,['Bad_Answer'],['Censored'],,,['Generating_Malicious_Content'],,,,,,,,,,,
622,"['Provide_Reference_or_Learning', 'Improve_Code_Quality', 'Workflow_Improvements', 'Refactoring_Code', 'Faster_Development_or_Saves_Time']","['Trained_on_Old_Data', ""Doesn't_Work_For_Usecase""]",,,"['Architecture_Design', 'Testing']",,,,,,,,,,,
623,,,"['Sending_Code_to_Remote', 'Not_Mature_Enough']",,"['Legal_Issues_Surrounding_Training_Data', 'Testing']",,,,,,,,,,,
626,"['Mistake_and_Typo_Correction', 'Getting_Alternatives', 'Debugging', 'Improve_Code_Quality', 'Offers_New_Perspective_or_Insight', 'Provide_Reference_or_Learning', 'Faster_Development_or_Saves_Time', 'Quickly_Move_From_Idea_to_Product']","['Context_Window', 'Trained_on_Old_Data']",,,['Content_Copyrights'],,,,,,,,,,,
627,"['Implementing_Algorithms', 'Develop_in_Unfamiliar_Languages']",['Unhelpful_or_Broken_Generations'],,,['Use_in_Critical_Systems'],,,,,,,,,,,
631,"['Provide_Reference_or_Learning', 'Faster_Development_or_Saves_Time', 'Accuracy']",['Trained_on_Old_Data'],,,['Other_Media_Generation'],,,,,,,,,,,
638,"['Mistake_and_Typo_Correction', 'Debugging', 'Faster_Development_or_Saves_Time']","[""Doesn't_Work_For_Less_Popular_Libraries"", 'Trained_on_Old_Data']",,,['Legal_Issues_Surrounding_Training_Data'],,,,,,,,,,,
639,['Faster_Development_or_Saves_Time'],"[""Doesn't_Work_for_Complex_Issues""]",,,['Not_Sure_or_No_Issues'],,,,,,,,,,,
641,['Faster_Development_or_Saves_Time'],['Must_Use_Good_Prompts'],,,"['Entertainment', 'Other_Media_Generation']",,,,,,,,,,,
642,"['Helps_Solve_Complex_Problems', 'Provide_Reference_or_Learning']","['Developer_Experience_Problems', 'Availability', 'Domain_Issues', 'Poorly_Trained_Model', 'Hallucinations', 'Ethical_Issues']",,"['Slow_to_Adopt', ""Employer_Doesn't_Understand_Benefits""]","['Legal_Issues_Surrounding_Training_Data', 'License_Compliance']",,,,,,,,,,,
646,['Faster_Development_or_Saves_Time'],['Suggestions_Are_Not_Optimal'],,,['Other_Media_Generation'],,,,,,,,,,,
651,['Many_Benefits'],['Censored'],,,"[""Generative_Models_Don't_Lead_To_Legal_Issues""]",,,,,,,,,,,
652,"['Standard_and_Consistent_Code', 'Documentation', 'Improve_Code_Quality']","['Generates_Buggy_Code', 'Hallucinations']",,,['Other_Media_Generation'],,,,,,,,,,,
653,"['Provide_Reference_or_Learning', 'Faster_Development_or_Saves_Time', 'Develop_with_Unfamiliar_Libraries']","['Trained_on_Old_Data', 'Unhelpful_or_Broken_Generations']",,,['License_Compliance'],,,,,,,,,,,
654,"['Prototyping_or_Skeleton', 'Provide_Reference_or_Learning', 'Develop_with_Unfamiliar_Libraries']","['Niche_Solutions', 'Breaks_Code_on_Refactor', ""Doesn't_Work_For_Less_Popular_Libraries""]",,,['Not_Sure_or_No_Issues'],,,,,,,,,,,
655,"['Offers_a_Starting_Point', 'Faster_Development_or_Saves_Time']","['Confused', 'Learning_Curve', 'Have_to_Review_Carefully']",,,['Documentation'],,,,,,,,,,,
656,,,,,,,,,,,,,,,,
657,"['Writing_Basic_Code_Snippets', 'Workflow_Improvements']","[""Doesn't_Work_for_Complex_Issues"", 'Inconsistent_Results']",,,['Not_Sure_or_No_Issues'],,,,,,,,,,,
658,"['Faster_Development_or_Saves_Time', 'Writing_Basic_Code_Snippets', 'Offers_New_Perspective_or_Insight']","['Have_to_Review_Carefully', 'Hallucinations']",,,"['Generation_of_Issues', 'Issue_Tracking', 'Attribution']",,,,,,,,,,,
659,"['Workflow_Improvements', 'Faster_Development_or_Saves_Time', 'Writing_Basic_Code_Snippets']",['Trained_on_Old_Data'],,,['No_Response'],,,,,,,,,,,
661,['Faster_Development_or_Saves_Time'],['No_Gaps'],,,['Liability_For_AI_Agent_Actions'],,,,,,,,,,,
665,"['Develop_with_Unfamiliar_Libraries', 'Provide_Reference_or_Learning']",['No_Gaps'],,"['Legal_Risk', 'Security', 'Sensitive_Information_or_IP']","['Generating_Specifications', 'Break_Standards_and_Regulations']",,,,,,,,,,,
666,"['Offers_New_Perspective_or_Insight', 'Best_Practices']","['Trained_on_Old_Data', 'Unhelpful_or_Broken_Generations']",,,['Not_Sure_or_No_Issues'],,,,,,,,,,,
667,['Faster_Development_or_Saves_Time'],['Unhelpful_or_Broken_Generations'],,,['Other_Media_Generation'],,,,,,,,,,,
669,"['Best_Practices', 'Improve_Code_Quality']","[""AI_Doesn't_Understand_Problem"", ""Doesn't_Work_For_Less_Popular_Libraries""]",,,"['Code_Reviews', 'Testing']",,,,,,,,,,,
670,['Integrated_into_Own_System'],['No_Gaps'],,['Bad_Answer'],"['Generating_Copyrighted_Content', 'Data_Privacy', 'Security_Issues_in_Generated_Code', 'Break_Standards_and_Regulations', 'Accessibility_Compliance']",,,,,,,,,,,
672,"['Provide_Inspiration', 'Helps_when_Stuck', 'Offers_New_Perspective_or_Insight', 'Auto_Completion', 'Documentation', 'Writing_Basic_Code_Snippets']","[""Doesn't_Work_For_Legacy"", 'Cost', 'Ethical_Issues', 'Licensing_Problems', 'Time_Consuming_to_Fix_Code']",,,"['Issues_with_Sending_to_Remote', 'Data_Privacy', 'Automated_Data_Analysis', 'Debugging']",,,,,,,,,,,
673,"['Faster_Development_or_Saves_Time', 'Develop_with_Unfamiliar_Libraries']","['Problems_That_Span_Files', 'Lack_of_Wider_Context', ""AI_Doesn't_Understand_Problem""]",,,['Not_Sure_or_No_Issues'],,,,,,,,,,,
675,,,"['Alternatives_are_Sufficient', 'No_Usecase_or_Not_Useful']",,"['License_Compliance', 'Testing']",,,,,,,,,,,
676,"['Understanding_Errors', 'Generating_Test_Cases', 'Refactoring_Code', 'Writing_Basic_Code_Snippets', 'Auto_Completion', 'Faster_Development_or_Saves_Time']",['Lack_of_Wider_Context'],,,['Not_Sure_or_No_Issues'],,,,,,,,,,,
681,"['Automate_Tasks', 'Writing_Basic_Code_Snippets']","[""Doesn't_Work_For_Less_Popular_Libraries"", 'Hallucinations']",,,['Not_Sure_or_No_Issues'],,,,,,,,,,,
683,,,['Not_Good_For_Novel_Problems'],,['No_Response'],,,,,,,,,,,
684,"['Provide_Reference_or_Learning', 'Faster_Development_or_Saves_Time']","['Unhelpful_or_Broken_Generations', 'Hallucinations']",,,['Legal_Issues_Surrounding_Training_Data'],,,,,,,,,,,
687,"[""Don't_Have_To_Read_Documentation"", 'Performing_Repetitive_Tasks', 'Faster_Development_or_Saves_Time']","['Lack_of_Wider_Context', 'Must_Use_Good_Prompts']",,,['Not_Sure_or_No_Issues'],,,,,,,,,,,
689,['Faster_Development_or_Saves_Time'],['Bad_Answer'],,,"['Hacking', 'Product_Liability']",,,,,,,,,,,
691,,,"['Low_Trust', 'Not_Mature_Enough']",,['Mistrust_Of_Establishment'],,,,,,,,,,,
695,,,"['Not_Good_For_Novel_Problems', ""Doesn't_Work_For_Less_Popular_Languages""]",,['Similarity_of_Ideas'],,,,,,,,,,,
696,"['Faster_Development_or_Saves_Time', 'Offers_New_Perspective_or_Insight']","[""Can't_Automate_End_to_End_Process"", 'Lack_of_Wider_Context']",,,['Other_Media_Generation'],,,,,,,,,,,
698,"['Faster_Development_or_Saves_Time', 'Provide_Reference_or_Learning']","['Off_Topic', 'Unhelpful_or_Broken_Generations']",,,['No_Response'],,,,,,,,,,,
700,"['Explain_Concepts', 'Provide_Reference_or_Learning']","['Lack_of_Wider_Context', 'Context_Window', ""Doesn't_Work_For_Legacy""]",,,['Information_Leaks'],,,,,,,,,,,
711,['Offers_a_Starting_Point'],['Unhelpful_or_Broken_Generations'],,,"['Plagiarism_and_Imitation', 'Other_Media_Generation']",,,,,,,,,,,
712,,,,,,,,,,,,,,,,
713,['Faster_Development_or_Saves_Time'],"['Generates_Buggy_Code', 'Unhelpful_or_Broken_Generations', 'Context_Window']",,,['Other_Media_Generation'],,,,,,,,,,,
715,['Faster_Development_or_Saves_Time'],"['Subtle_or_Hidden_Errors', 'Hallucinations']",,,['Other_Media_Generation'],,,,,,,,,,,
718,"['Depends_on_the_Language', 'Faster_Development_or_Saves_Time', 'Quicker_Iterations', 'Auto_Completion', 'Prototyping_or_Skeleton']","[""Doesn't_Work_for_Complex_Issues""]",,,['Other_Media_Generation'],,,,,,,,,,,
720,"['Easy_to_Use', 'Faster_Development_or_Saves_Time']","['Trained_on_Old_Data', 'Generates_Buggy_Code']",,,['Product_Design'],,,,,,,,,,,
722,"['Faster_Development_or_Saves_Time', 'Writing_Basic_Code_Snippets', 'Offers_a_Starting_Point']","['Generates_Poor_Quality_Code', 'Unhelpful_or_Broken_Generations']",,,['Bias'],,,,,,,,,,,
725,"['Faster_Development_or_Saves_Time', 'Prototyping_or_Skeleton']",['No_Control_Over_Result'],,,['Not_Sure_or_No_Issues'],,,,,,,,,,,
726,"[""Don't_Have_To_Read_Documentation"", 'Best_Practices', 'Provide_Reference_or_Learning']","['Time_Consuming_to_Prompt', ""Can't_Automate_End_to_End_Process""]",,,['Product_Liability'],,,,,,,,,,,
730,,,['Employer'],['Legal_Risk'],['All_Tasks'],,,,,,,,,,,
732,,,"['Concerns_About_Training', 'Legal_Risks', 'Ethical_Considerations']",,['Not_Sure_or_No_Issues'],,,,,,,,,,,
734,['Offers_a_Starting_Point'],"['Privacy', 'Acceptance_of_Use']",,,['Uncharted_Waters'],,,,,,,,,,,
738,"['Improve_Code_Quality', 'Faster_Development_or_Saves_Time']","['Must_Use_Good_Prompts', ""AI_Doesn't_Understand_Problem""]",,,['Bias'],,,,,,,,,,,
744,"['Generating_Test_Cases', 'Writing_SQL_Queries', 'Documentation']",['Domain_Issues'],,,"['Testing', 'Information_Leaks']",,,,,,,,,,,
748,['Faster_Development_or_Saves_Time'],['Unhelpful_or_Broken_Generations'],,,['Not_Sure_or_No_Issues'],,,,,,,,,,,
750,['Faster_Development_or_Saves_Time'],['Must_Use_Good_Prompts'],,,['Other_Media_Generation'],,,,,,,,,,,
751,"['Getting_Alternatives', 'Faster_Development_or_Saves_Time', 'Offers_New_Perspective_or_Insight']","['Formatting_Issues', 'Introduces_Code_Smells', 'Unhelpful_or_Broken_Generations']",,,['Other_Media_Generation'],,,,,,,,,,,
752,"['Debugging', 'Auto_Completion', 'Provide_Reference_or_Learning', 'Can_Explain_or_Summarize_Code', 'Faster_Development_or_Saves_Time']","['Unhelpful_or_Broken_Generations', 'Lack_of_Wider_Context']",,,['Not_Sure_or_No_Issues'],,,,,,,,,,,
754,,,,,,,,,,,,,,,,
755,['Faster_Development_or_Saves_Time'],"['Time_Consuming_to_Fix_Code', 'Trained_on_Old_Data', 'Generates_Buggy_Code']",,,"['Plagiarism_and_Imitation', 'Refactoring']",,,,,,,,,,,
756,['Adaptive_Security'],['Licensing_Problems'],,,['License_Compliance'],,,,,,,,,,,
757,"['Less_Manual_Labor', 'Performing_Repetitive_Tasks', 'Writing_Basic_Code_Snippets']","['Trying_Different_Prompts', ""AI_Doesn't_Understand_Problem"", 'Circular_Conversations']",,,['Prototyping'],,,,,,,,,,,
758,['Faster_Development_or_Saves_Time'],['Mindset_Switch'],,,"['Other_Media_Generation', 'Authoring']",,,,,,,,,,,
763,"['Easy_to_Use', 'Debugging']",['No_Gaps'],,,['Not_Sure_or_No_Issues'],,,,,,,,,,,
764,"['Can_Explain_or_Summarize_Code', ""Don't_Have_To_Read_Documentation"", 'Faster_Development_or_Saves_Time']",['Trained_on_Old_Data'],,,"['Generating_Copyrighted_Content', 'Data_Privacy']",,,,,,,,,,,
769,"['Auto_Completion', 'Writing_Basic_Code_Snippets']",['Circular_Conversations'],,,"['Break_Standards_and_Regulations', 'Security_Issues_in_Generated_Code']",,,,,,,,,,,
770,['Faster_Development_or_Saves_Time'],['Unhelpful_or_Broken_Generations'],,,['Not_Sure_or_No_Issues'],,,,,,,,,,,
772,"['Offers_a_Starting_Point', 'Writing_Basic_Code_Snippets']",['Must_Use_Good_Prompts'],,,"['Impersonation', 'Other_Media_Generation']",,,,,,,,,,,